Title,Category
Thủ tướng Nhật cảnh báo 'Đông Á có thể là Ukraine tiếp theo',Thế giới
Nổ gần văn phòng lãnh đạo ly khai Ukraine,Thế giới
Trung Quốc muốn gì ở quân cảng Campuchia?,Thế giới
Trung Quốc tuyên bố 'không ngại chiến tranh với Đài Loan',Thế giới
Dân Trung Quốc 'mua sắm trả thù' xa xỉ phẩm,Thế giới
Nga - Trung khánh thành cầu đường bộ qua biên giới,Thế giới
Giả gái lừa tiền bạn trai suốt 6 tháng,Thế giới
Nga ra mắt logo chuỗi đồ ăn nhanh thay thế McDonald's,Thế giới
Thụy Điển nêu lý do xin gia nhập NATO,Thế giới
Ukraine nói Nga tìm điểm yếu trên phòng tuyến ven sông,Thế giới
Philippines nói hơn 100 tàu Trung Quốc xuất hiện ở bãi Ba Đầu,Thế giới
Cảnh sát Mỹ phản ứng chậm trong vụ xả súng vì 'lo thiệt mạng',Thế giới
Mỹ cảnh báo màu sơn Trump đề xuất trên Không lực Một,Thế giới
Ukraine thừa nhận 200 lính tử trận mỗi ngày,Thế giới
CDC Mỹ ca ngợi mô hình kiểu mẫu trong hợp tác y tế với Việt Nam,Thế giới
Ukraine triển khai tên lửa chống hạm Mỹ,Thế giới
Ukraine cạn kiệt kho vũ khí thời Liên Xô,Thế giới
Khỉ đến phòng khám nhờ bác sĩ trị thương,Thế giới
Ông Trump bị tố kích động 'âm mưu đảo chính' trong bạo loạn Đồi Capitol,Thế giới
Những chủ đề đốt nóng Đối thoại Shangri-La,Thế giới
Bồi bàn cứu bé trai bị cha dượng bạo hành,Thế giới
Giới trung lưu Trung Quốc sợ 'ngồi im',Thế giới
Phần Lan tính xây hàng rào ở biên giới với Nga,Thế giới
Israel có thể đã thêm 'móng vuốt' cho tiêm kích tàng hình F-35,Thế giới
Ông Putin so sánh chiến dịch Ukraine với sứ mệnh của Peter Đại đế,Thế giới
Ông Zelensky gọi chiến dịch quân sự của Nga là 'Covid-22',Thế giới
Mỹ lập đơn vị F-35 chuyên đóng vai tiêm kích Trung Quốc,Thế giới
Ấn Độ lập kỷ lục thảm nhựa 75 km đường trong 5 ngày,Thế giới
Mỹ - Trung sẽ thảo luận cạnh tranh siêu cường tại Đối thoại Shangri-La,Thế giới
EU sắp phản hồi đơn xin gia nhập của Ukraine,Thế giới
Thông điệp nhắm tới Trung Quốc của Nhật tại Đối thoại Shangri-La,Thế giới
Australia cảnh báo nguy cơ từ tham vọng quân sự Trung Quốc,Thế giới
Ukraine tìm cách cứu lính ngoại quốc chịu án tử ở Donbass,Thế giới
Sân bay Syria tê liệt sau loạt không kích của Israel,Thế giới
Thành phố Ukraine bắt đầu cấp hộ chiếu Nga,Thế giới
Bộ trưởng Quốc phòng Việt Nam đề cao hòa bình tại Đối thoại Shangri-La,Thế giới
Ông Zelensky cảnh báo thế giới đối mặt nạn đói,Thế giới
"Thắng kiện 5,2 triệu USD sau khi nhiễm bệnh tình dục trên xe",Thế giới
Ông Biden nói Tổng thống Zelensky từng 'không muốn nghe cảnh báo',Thế giới
Người Trung Quốc phẫn nộ về kẻ say rượu đánh phụ nữ,Thế giới
Mỹ công bố nghi phạm xả súng nhà máy,Thế giới
Pháp ca ngợi thỏa thuận bồi thường gần 600 triệu USD của Australia,Thế giới
Trung Quốc 'nắn gân' đồng minh Mỹ ở châu Á,Thế giới
Tổng thống Biden: Ông Putin khiến lạm phát Mỹ tăng kỷ lục,Thế giới
Australia bồi thường gần 600 triệu USD cho tập đoàn tàu ngầm Pháp,Thế giới
Hoàng tử William xuống phố bán tạp chí,Thế giới
Chiến thuật mới giúp Nga tăng đà tiến ở đông Ukraine,Thế giới
Triều Tiên có nữ ngoại trưởng đầu tiên,Thế giới
Mỹ chỉ trích Trung Quốc gây bất ổn gần Đài Loan,Thế giới
Nga lên án Israel không kích sân bay Syria,Thế giới
Sinh viên khống chế kẻ đâm dao trong trường học Đức,Thế giới
"Na Uy hủy hợp đồng, đòi hoàn tiền vì chờ trực thăng 20 năm",Thế giới
Ông Trump phản bác con gái về bạo loạn Đồi Capitol,Thế giới
Pháp tuyên bố sẵn sàng giúp Ukraine dỡ phong tỏa cảng Odessa,Thế giới
Hungary nói EU 'hủy hoại kinh tế' nếu cấm khí đốt Nga,Thế giới
Đức kêu gọi Serbia trừng phạt Nga,Thế giới
Lý do Nga bị cáo buộc vũ khí hóa lương thực,Thế giới
Ngày thứ 107 chiến sự: Ukraine dự đoán xung đột kéo dài thêm một năm,Thế giới
Phe ly khai Ukraine từ chối ân xá 'lính đánh thuê nước ngoài',Thế giới
Nga đăng video trực thăng 'bắn trúng mục tiêu Ukraine cách 5 km',Thế giới
"Bùng ổ dịch quán bar, Bắc Kinh xét nghiệm 3,5 triệu người",Thế giới
"Ba máy bay rơi liên tiếp, hải quân Mỹ đình chỉ hoạt động bay",Thế giới
"Núi lửa phun trào, phủ tro bụi khắp tỉnh miền đông Philippines",Thế giới
Thành phố miền tây Ukraine trúng tên lửa hành trình,Thế giới
Nga mở cửa chuỗi đồ ăn nhanh thay thế McDonald's,Thế giới
"Bộ trưởng Quốc phòng Australia, Trung Quốc lần đầu gặp sau ba năm",Thế giới
Ukraine muốn phương Tây chuyển thêm 300 pháo phản lực,Thế giới
Nga củng cố lưới phòng không ở đảo tiền tiêu Ukraine,Thế giới
"Hàn Quốc sẽ phối hợp với Mỹ, Nhật đối phó Triều Tiên",Thế giới
Trung Quốc tuyên bố 'chiến đấu đến cùng' để ngăn Đài Loan độc lập,Thế giới
Ông Kim Jong-un kêu gọi tăng cường phòng thủ quốc gia,Thế giới
Biểu tình phản đối bạo lực súng đạn ở Mỹ,Thế giới
Nga tuyên bố tập kích 'căn cứ lính đánh thuê' tại Ukraine,Thế giới
Đòn liên hoàn giáng vào giá xăng Mỹ,Thế giới
Chiến sự ngày thứ 108: Ukraine trước nguy cơ hết đạn pháo,Thế giới
Cách con rể Trump thoát bóng bố vợ trước bạo loạn Đồi Capitol,Thế giới
Phe ly khai tố quân đội Ukraine pháo kích chợ đông người,Thế giới
"Tây Ban Nha, Pháp đối mặt sóng nhiệt cực đoan",Thế giới
Đám cưới thời chiến,Thế giới
Ông Macron: Pháp đang trong nền kinh tế thời chiến,Thế giới
Điểm mù của tình báo Mỹ ở Ukraine,Thế giới
Xếp hàng hai tiếng chờ xét nghiệm ở Bắc Kinh,Thế giới
"Lo Iran tấn công, Israel khuyên công dân rời Thổ Nhĩ Kỳ",Thế giới
Nga tuyên bố phá hủy lượng lớn vũ khí Mỹ ở miền đông Ukraine,Thế giới
Dân Thái đổ xô mua cây giống cần sa,Thế giới
Phe ly khai yêu cầu quân Ukraine ở Severodonetsk đầu hàng,Thế giới
Pháo phản lực 'cuồng phong' Nga tập kích kho đạn Ukraine,Thế giới
Công chúa Na Uy bị đe dọa vì đính hôn với pháp sư da màu,Thế giới
Hàng chục nghìn người Indonesia tiễn đưa con trai thống đốc,Thế giới
Anh nói chiến dịch vượt sông định đoạt chiến trường đông Ukraine,Thế giới
Bà giáo mở trường giúp hàng nghìn nữ sinh vào đại học,Thế giới
Quan chức hàng không vũ trụ Iran liên tiếp tử nạn,Thế giới
Người Nga nườm nượp vào quán thay thế McDonald's,Thế giới
Nga bán 98 tỷ USD năng lượng trong 100 ngày chiến sự,Thế giới
Thế khó của Tổng thống Ukraine,Thế giới
Trung Quốc nói Nam Thái Bình Dương không phải 'võ đài' với Mỹ,Thế giới
Dân Fukushima về làng sau thảm họa hạt nhân,Thế giới
"Mỹ, Thụy Điển diễn tập tái chiếm đảo gần Nga",Thế giới
Cựu chỉ huy Ukraine nói nhiều thi thể binh sĩ vẫn ở Mariupol,Thế giới
Ukraine hé lộ kế hoạch giải vây bất thành pháo đài Azovstal,Thế giới
NATO nói Ukraine phải tự định đoạt về nhượng bộ lãnh thổ,Thế giới
"Chìm tàu ở Biển Đỏ, 15.000 con cừu chết đuối",Thế giới
"Ukraine lập tuyến khơi thông lương thực qua Ba Lan, Romania",Thế giới
Trung Quốc cảnh báo Mỹ tránh xa eo biển Đài Loan,Thế giới
Bộ trưởng Quốc phòng Philippines ngất giữa sự kiện,Thế giới
WHO sắp họp khẩn về bệnh đậu mùa khỉ,Thế giới
Nga giảm nguồn cung khí đốt tới Đức,Thế giới
Giáo hoàng nói cuộc chiến ở Ukraine 'có thể bị kích động',Thế giới
Người đàn ông hiến máu 190 lần,Thế giới
Vụ côn đồ đánh đập phụ nữ gây chấn động Trung Quốc,Thế giới
Đài Bắc chỉ trích tuyên bố của Bắc Kinh về eo biển Đài Loan,Thế giới
Tàu đầu tiên chở ngũ cốc Ukraine tới Tây Ban Nha,Thế giới
Nỗi ám ảnh của nữ diễn viên khiêu dâm Nhật Bản,Thế giới
Trung Quốc cảnh báo Mỹ không ảo tưởng về Đài Loan,Thế giới
Ukraine nói vẫn còn đường thoát khỏi Severodonetsk,Thế giới
Nga có thể 'chảy máu triệu phú',Thế giới
Nga thừa nhận kinh tế gặp nhiều thách thức,Thế giới
Người Việt ở Mỹ thắt chặt chi tiêu khi giá xăng tăng kỷ lục,Thế giới
Ukraine mất 1/4 đất canh tác do chiến sự,Thế giới
Tác giả sách 'Cách giết chồng' lĩnh án vì bắn chết bạn đời,Thế giới
Đài Loan thấp thỏm nỗi lo xung đột,Thế giới
Bên trong hầm ngầm nhà máy Azovstal,Thế giới
Tên lửa phòng không hiện đại nhất Ukraine xuất hiện ở miền đông,Thế giới
Nông dân Ukraine đối mặt bước đường cùng,Thế giới
"Tổng thống Ukraine tuyên bố sẽ giành lại Crimea, Donbass",Thế giới
Mỹ coi trọng quan hệ với Việt Nam,Thế giới
Khâu 16 mũi vì bị giáo viên đấm vỡ mắt kính,Thế giới
Chiến dịch Trump bị tố lừa người ủng hộ hàng trăm triệu USD,Thế giới
Ông Duterte: Philippines không thể thắng nếu chiến tranh với Trung Quốc,Thế giới
Đám đông thiêu sống người đàn ông vì nghi bắt cóc trẻ em,Thế giới
NATO nói Thụy Điển an toàn hơn sau khi xin gia nhập liên minh,Thế giới
Tập đoàn Đức ra mắt siêu tăng 'Báo đen',Thế giới
Ông Zelensky: Ukraine tổn thất kinh hoàng ở Severodonetsk,Thế giới
"Mỹ, Hàn dọa 'đáp trả nhanh chóng' nếu Triều Tiên thử hạt nhân",Thế giới
Litva lên kế hoạch mở văn phòng đại diện tại Đài Loan,Thế giới
Sri Lanka cho công chức nghỉ thứ 6 để tăng gia sản xuất,Thế giới
Ông Tập Cận Bình khẳng định tiếp tục ủng hộ Nga,Thế giới
Công ty khí đốt Nga giảm nguồn cung tới Italy,Thế giới
Bụi Mặt Trăng từ bụng gián được định giá 400.000 USD,Thế giới
NATO thúc giục chuyển thêm vũ khí hạng nặng cho Ukraine,Thế giới
Quan chức Kherson nói hàng nghìn người xin nhập tịch Nga,Thế giới
Nhật thông qua luật bảo vệ diễn viên phim người lớn,Thế giới
Nga tuyên bố tập kích kho đạn Mỹ ở Ukraine,Thế giới
Ông Medvedev cảnh báo về sự tồn tại của Ukraine trên bản đồ thế giới,Thế giới
Bên trong hầm trú ẩn ở chảo lửa Severodonetsk,Thế giới
Thị trưởng Trung Quốc xin lỗi vì lệnh phong tỏa hơn 50 ngày,Thế giới
Lực lượng Nga có thể bị cầm chân tại Severodonetsk,Thế giới
Dấu hiệu Trung Quốc sắp hạ thủy tàu sân bay thứ ba,Thế giới
Thụy Sĩ đóng cửa không phận,Thế giới
"Nhóm vũ trang cướp container vàng, bạc",Thế giới
Lính Ukraine gặp khó với 'sát thủ diệt tăng' Javelin,Thế giới
Tình báo Anh nói Nga khó duy trì chiến sự ở Ukraine,Thế giới
Lựa chọn sinh tử của binh sĩ Ukraine ở Severodonetsk,Thế giới
Giải cứu bé câm điếc kẹt dưới giếng có rắn,Thế giới
Nắng nóng 48 độ C tấn công Tây Ban Nha,Thế giới
Nga tuyên bố mở hành lang nhân đạo ở Severodonetsk,Thế giới
Tính năng mẫu xe tăng gần 50 tuổi Nga đưa tới Ukraine,Thế giới
Đệ nhất phu nhân Hàn Quốc kêu gọi ngừng ăn thịt chó,Thế giới
Mỹ bác yêu cầu đòi nhân quyền cho voi 51 tuổi,Thế giới
Campuchia kết án 60 người tội phản quốc,Thế giới
Đài Loan khoe năng lực tên lửa răn đe Trung Quốc,Thế giới
Lãnh đạo thị trấn Ukraine thất thủ đổi phe,Thế giới
Yakuza Nhật trỗi dậy hậu Covid-19,Thế giới
Mỹ khan hiếm băng vệ sinh,Thế giới
Lãnh đạo châu Âu ủng hộ Ukraine sớm thành ứng viên EU,Thế giới
Chú rể đánh cô dâu trong đám cưới,Thế giới
Taliban ví phụ nữ không trùm kín mặt với 'động vật',Thế giới
Mariupol sau một tháng Nga kiểm soát,Thế giới
Vùng ly khai Ukraine muốn sáp nhập vào Nga,Thế giới
Miếng băng dính phanh phui bê bối nhấn chìm Richard Nixon,Thế giới
Nga nói vũ khí phương Tây 'vô ích',Thế giới
Mỹ bắt chuyên gia chế bom của IS,Thế giới
Nga đăng video phóng tên lửa Iskander tập kích sở chỉ huy Ukraine,Thế giới
"Kiev báo động không kích khi lãnh đạo Đức, Pháp, Italy đến thăm",Thế giới
Bệnh đường ruột bùng phát ở Triều Tiên,Thế giới
Nga - Trung siết chặt tay trước áp lực phương Tây,Thế giới
Ukraine nói 10.000 dân thường mắc kẹt tại Severodonetsk,Thế giới
Cựu tổng thống Hàn Quốc vỡ mộng hưu trí an nhàn,Thế giới
"Lãnh đạo Đức, Pháp, Italy đi tàu tới Kiev",Thế giới
Tập đoàn Nga tuyên bố 'chọc mù' khí tài Ukraine,Thế giới
Ukraine hoài nghi cam kết chuyển vũ khí của Đức,Thế giới
Bồi thường gần 45 triệu USD vì đâm chiến hạm Mỹ,Thế giới
Xung đột Ukraine thổi lửa khủng hoảng lương thực toàn cầu,Thế giới
Ukraine nói Nga chia 9 mũi tấn công Lugansk,Thế giới
Canada - Đan Mạch chia đôi đảo sau 50 năm tranh chấp,Thế giới
Nhật sẽ lần đầu dự hội nghị thượng đỉnh NATO,Thế giới
Nga nói phương Tây 'tự bắn vào đầu',Thế giới
Nga xem xét động thái có thể buộc NATO trục xuất ba thành viên,Thế giới
Tướng Ukraine đề xuất đánh sập cầu nối Crimea với Nga,Thế giới
Ông Biden dọa tung quyền lực khẩn cấp với công ty dầu Mỹ,Thế giới
Đăng nhầm video xe tăng phát xít mừng sinh nhật lục quân Mỹ,Thế giới
"Cử nhân, thạc sĩ Trung Quốc chen chân vào biên chế",Thế giới
Đan Mạch tố chiến hạm Nga xâm phạm lãnh hải,Thế giới
Nga nói EU thao túng Ukraine,Thế giới
Trở ngại ngăn giải phóng 25 triệu tấn ngũ cốc ở Ukraine,Thế giới
Anh chấp thuận dẫn độ người sáng lập WikiLeaks sang Mỹ,Thế giới
Bị cáo buộc khi quân vì ngồi xe lăn đóng quảng cáo,Thế giới
Ông Kim Jong-un cùng gia đình gửi thuốc cho dân,Thế giới
Châu Âu ủng hộ trao tư cách ứng viên EU cho Ukraine,Thế giới
Nga không kích đồng minh Mỹ ở Syria,Thế giới
Nước Đông Phi tức giận về video người Trung Quốc thuê trẻ nói lời miệt thị,Thế giới
'Ông già TikTok' có thể trở thành tổng thống Colombia,Thế giới
Ukraine tuyên bố phóng tên lửa trúng tàu hải quân Nga,Thế giới
Hai tháng cụ ông 83 tuổi vượt Thái Bình Dương,Thế giới
Ông Biden có thể đã yêu cầu cấp dưới giảm tông phát ngôn về Ukraine,Thế giới
Mỹ bắt đầu hứng chịu hậu quả biến đổi khí hậu,Thế giới
Trung Quốc cảnh báo trào lưu ngậm hoa chụp ảnh,Thế giới
Trung Quốc hạ thủy tàu sân bay thứ ba,Thế giới
"Việt Nam đề cao hòa bình, ổn định ở Biển Đông",Thế giới
Dấu hiệu rạn nứt trên mặt trận phương Tây hỗ trợ Ukraine,Thế giới
Giảm từ 65 kg xuống 25 kg vì ám ảnh cân nặng,Thế giới
Nga cảnh báo 'thảm họa khí đốt' với Đức,Thế giới
Washington kêu gọi Moskva nhân đạo với cựu binh Mỹ bị bắt ở Ukraine,Thế giới
FBI điều tra cách chip Mỹ xuất hiện trên tên lửa Nga,Thế giới
Phương Tây từ chối chuyển tiêm kích cho Ukraine,Thế giới
Tàu treo cờ Nga bị nghi chở ngũ cốc Ukraine đến Syria,Thế giới
Anh nói pháo binh Nga nhiều gấp 20 lần Ukraine,Thế giới
Hãng dầu khí Mỹ phản hồi thư cảnh báo của ông Biden,Thế giới
Hà Lan nói 'chặn gián điệp Nga' vào tòa hình sự quốc tế,Thế giới
"Ông Tập: Dân chủ kiểu phương Tây gây chiến tranh, hỗn loạn",Thế giới
Tướng Anh nhận định Nga 'thất bại chiến lược' ở Ukraine,Thế giới
Ông Biden ngã xe đạp,Thế giới
Châu Âu đón sóng nhiệt nóng kỷ lục,Thế giới
Quan chức Ukraine nói 'giao tranh ác liệt' quanh Severodonetsk,Thế giới
Thủ tướng Anh lo nguy cơ 'mệt mỏi vì Ukraine',Thế giới
Việt Nam vận dụng UNCLOS 'đúng đắn và tích cực',Thế giới
Nga đăng video trực thăng Ka-52 tập kích thiết giáp Ukraine,Thế giới
Quân nhân 4 nước dự chương trình Đối tác Thái Bình Dương tại Việt Nam,Thế giới
Ukraine thừa nhận mất 50% kho vũ khí hạng nặng,Thế giới
Gần 300 người đồng diễn yoga tại tượng đài Lý Thái Tổ,Thế giới
F-35 Mỹ khoe dàn tên lửa khi diễn tập ở Đông Nam Âu,Thế giới
Thiệt mạng giữa Thung lũng Chết vì hết xăng,Thế giới
Nhật bắt thanh niên Việt bị cáo buộc bán trái phép thẻ đi lại,Thế giới
Những chuyến tàu đêm đưa lãnh đạo phương Tây tới Ukraine,Thế giới
Đề nghị Ấn Độ hỗ trợ nông sản Việt Nam tiếp cận thị trường,Thế giới
"Lũ lớn ở Bangladesh, hơn 4 triệu người bị cô lập",Thế giới
Mỹ có thể bỏ kế hoạch bán UAV tầm xa cho Ukraine,Thế giới
Belarus cảnh báo Nga sẽ dùng vũ khí mới ở Ukraine,Thế giới
Ukraine tuyên bố hạ UAV hiện đại bậc nhất của Nga,Thế giới
Cái ôm giữa ông Macron và Zelensky gây sốt mạng xã hội,Thế giới
WTO miễn trừ bản quyền vaccine Covid-19 trong 5 năm,Thế giới
Ông Putin: Kỷ nguyên thế giới đơn cực đã kết thúc,Thế giới
Nông dân Nga tìm cách thích nghi với lệnh trừng phạt phương Tây,Thế giới
Ukraine tiết lộ mật lệnh 'chiếm Kiev' của Nga,Thế giới
Người Trung Quốc nổi giận vì video 'đánh bạn gái sảy thai',Thế giới
Nga tiếp tục tung đòn khí đốt với châu Âu,Thế giới
Ông Putin nói không ngăn Ukraine gia nhập EU,Thế giới
Cuộc sống dưới tiếng gầm tiêm kích ở đảo tiền tiêu Đài Loan,Thế giới
Mỹ dỡ bỏ trừng phạt với người thân của Tổng thống Venezuela,Thế giới
Thủ tướng Anh lần thứ hai đến Kiev,Thế giới
Ngày thứ 116 chiến sự: Nga xác nhận dùng tiêm kích tàng hình Su-57 ở Ukraine,Thế giới
"Nga tuyên bố phóng tên lửa khiến 50 tướng, sĩ quan Ukraine thiệt mạng",Thế giới
Đức tăng sử dụng than đối phó khủng hoảng năng lượng,Thế giới
Máy bay hạ cánh khẩn vì cháy động cơ,Thế giới
Ukraine tuyên bố đẩy lùi đợt tấn công của Nga gần Severodonetsk,Thế giới
Lãnh đạo Tiểu đoàn Azov bị đưa tới Nga,Thế giới
Tổng thống Ukraine thề giành lại miền nam,Thế giới
Tàu bệnh viện hải quân Mỹ đến Việt Nam,Thế giới
Người phụ nữ đi hết 195 quốc gia,Thế giới
Mưa lũ càn quét miền nam Trung Quốc,Thế giới
Triều Tiên cử đội y tế tới tỉnh bùng dịch đường ruột,Thế giới
Cầu hôn giữa siêu thị,Thế giới
Trung Quốc xôn xao vì trường hợp anh em họ lấy nhau,Thế giới
Phát hiện 840 kg cocain trong thùng chuối siêu thị,Thế giới
Litva hạn chế chuyển hàng tới vùng lãnh thổ Nga,Thế giới
Chi 19 triệu USD để ăn trưa với tỷ phú Warren Buffett,Thế giới
NATO nói chiến sự Ukraine có thể kéo dài vài năm,Thế giới
Thách thức với đường gia nhập EU của Ukraine,Thế giới
Ngày thứ 115 chiến sự Ukraine: Anh nói Nga mở lại mũi tiến công Izyum,Thế giới
Nga nỗ lực tuyển quân giữa chiến sự Ukraine,Thế giới
Ngày thứ 117 chiến sự: Ukraine nói Nga phá hủy kho lương thực ở Odessa,Thế giới
Bố giảm 15 kg trong 6 tháng vì con trai,Thế giới
Ban nhạc hải quân Mỹ hát tiếng Việt,Thế giới
Người tị nạn Ukraine giúp EU giải cơn khát nhân lực,Thế giới
Nam Phi thả bác sĩ trợ tử cho ba người,Thế giới
Nga cảnh cáo Litva vì chặn hàng tới Kaliningrad,Thế giới
Đức quay lại với than đá để thoát khí đốt Nga,Thế giới
Ukraine tịch thu tài sản của đảng thân Nga,Thế giới
Trung Quốc siết kiểm soát hoạt động kinh doanh của thân nhân quan chức,Thế giới
Nga thông báo tập kích tên lửa vào sở chỉ huy UAV Ukraine,Thế giới
Ukraine nói sẽ 'chiến đấu bằng xẻng' nếu không có vũ khí,Thế giới
Ukraine bị cáo buộc tấn công giàn khoan dầu ngoài khơi Crimea,Thế giới
Pháo phản lực Đài Loan phát nổ khi khai hỏa,Thế giới
Ukraine tuyên bố bắt chỉ điểm viên cho không quân Nga,Thế giới
Ba kịch bản với Tổng thống Pháp sau cú sốc bầu cử quốc hội,Thế giới
Trung Quốc tuyên bố thử đánh chặn tên lửa đạn đạo thành công,Thế giới
Nga thành nhà cung cấp dầu thô hàng đầu cho Trung Quốc,Thế giới
Ukraine mất thêm lãnh thổ ở Lugansk,Thế giới
Thủ tướng Campuchia kể 4 lựa chọn khi đấu tranh chống Pol Pot,Thế giới
"Nga công bố video UAV, pháo phản lực phối hợp tập kích trận địa Ukraine",Thế giới
Tướng Ba Lan đề xuất NATO bắn hạ tên lửa Nga ở tây Ukraine,Thế giới
Anh nói nhiều binh sĩ Ukraine đào ngũ,Thế giới
Người Mỹ ngấm nỗi đau lạm phát,Thế giới
Châu Âu hứng nắng nóng kỷ lục,Thế giới
Con gái Duterte phá vỡ truyền thống nhậm chức,Thế giới
Vợ chồng William đăng ảnh ba con nhân Ngày của Cha,Thế giới
Thành phố Ukraine 'chuẩn bị cho điều tồi tệ nhất',Thế giới
Nga đăng video tập kích tên lửa 'khiến 50 sĩ quan Ukraine thiệt mạng',Thế giới
Tổng thống Pháp hứng cú sốc trong bầu cử quốc hội,Thế giới
29 máy bay chiến đấu Trung Quốc áp sát Đài Loan,Thế giới
EU đồng thuận về tư cách ứng viên của Ukraine,Thế giới
Hai tàu hải quân Ấn Độ sắp thăm Việt Nam,Thế giới
Động lực thúc đẩy Mỹ đổi thái độ với Arab Saudi,Thế giới
Ông Putin khen ngợi binh sĩ Nga ở Ukraine,Thế giới
"Lũ dâng kỷ lục, hai tỉnh Trung Quốc nâng cảnh báo",Thế giới
Nga phủ sóng truyền hình toàn tỉnh nam Ukraine,Thế giới
Nga cảnh báo trả đũa Litva,Thế giới
Ông Macron bác đơn xin từ chức của Thủ tướng Pháp,Thế giới
Từ nữ giúp việc thành Phó tổng thống Colombia,Thế giới
Công ty Mỹ giúp Ukraine chế tạo Vòm sắt chống tên lửa Nga,Thế giới
Con của Elon Musk đổi tên để cắt quan hệ với bố,Thế giới
Nhà hàng nổi Hong Kong chìm ở Biển Đông,Thế giới
Ukraine nói Nga sắp tập kích tên lửa ồ ạt,Thế giới
Đan Mạch phát cảnh báo về nguồn cung khí đốt,Thế giới
Lo ngại về 26 tỷ USD vũ khí Mỹ bơm cho Ukraine,Thế giới
Nhà báo Nga bán huy chương Nobel Hòa bình để hỗ trợ Ukraine,Thế giới
Tân tổng thống Philippines kiêm nhiệm bộ trưởng nông nghiệp,Thế giới
Nga 'đi trên dao' khi không kích đồng minh Mỹ ở Syria,Thế giới
Ukraine nói Nga dồn khí tài hạng nặng tấn công Severodonetsk,Thế giới
Mỹ tìm cách giảm nguồn thu từ dầu mỏ của Nga,Thế giới
EU nói Nga phong tỏa ngũ cốc Ukraine là 'tội ác chiến tranh',Thế giới
Nga lần đầu lên tiếng về hai cựu binh Mỹ bị bắt ở Ukraine,Thế giới
Tan hoang rạn san hô ở biển Nha Trang,Thời sự
Đà Nẵng kêu gọi mở trường đào tạo phi công,Thời sự
BOT Bắc Thăng Long - Nội Bài dự kiến thu phí đến 2035,Thời sự
Nhiều sự cố trên cao tốc Trung Lương - Mỹ Thuận,Thời sự
Không bổ sung hệ số lương tối thiểu giờ,Thời sự
Tranh luận có nên xây khu đô thị dọc đường vành đai,Thời sự
Đề xuất BHXH hỗ trợ dài hạn con của người lao động,Thời sự
Đường sắt Yên Viên - Ngọc Hồi gần 20 năm vẫn chưa khởi công,Thời sự
Người lao công trả lại túi vàng nhặt được,Thời sự
Hơn 40 cây dừa ven biển Nha Trang bị chặt hạ,Thời sự
San hô ở vịnh Nha Trang chết hàng loạt,Thời sự
Miền Tây tồn đọng vacine phòng Covid-19,Thời sự
'Nên áp dụng quy tắc chống quấy rối tình dục càng sớm càng tốt',Thời sự
Thủ tướng yêu cầu đánh giá đa chiều về mỏ sắt Thạch Khê,Thời sự
Tàu Metro Số 1 bị bôi bẩn,Thời sự
Khó khôi phục san hô hư hại ở biển Nha Trang,Thời sự
TP HCM mở rộng nhóm ưu tiên tiêm vaccine mũi 4,Thời sự
Việt Nam - Lào xây dựng chương trình đối tác số,Thời sự
Cứu 11 người trong căn nhà cháy,Thời sự
Người đầu tiên nuôi cá chình trên vùng cát trắng miền Trung,Thời sự
"Xe máy, ôtô phơi nắng mưa ở kho tang vật",Thời sự
Đề xuất giảm phí hạ tầng cảng biển ở TP HCM,Thời sự
"Hàng loạt sai phạm trong khai thác đất, cát ở Quảng Ngãi",Thời sự
Chủ cơ sở lưu trú lắp camera ở phòng ngủ của khách,Thời sự
Miền Bắc mưa diện rộng,Thời sự
Thời gian đóng BHXH có thể giảm còn 10 năm,Thời sự
"Doanh nghiệp, lãnh đạo tỉnh than vướng khi xây nhà cho công nhân",Thời sự
Mưa đá ở Sài Gòn,Thời sự
Tín dụng đen cho công nhân vay lãi suất đến 1.000%/tháng,Thời sự
Ôtô 16 chỗ cháy trơ khung,Thời sự
Hàng nghìn người bắt cá cầu may,Thời sự
Cận vệ cuối cùng của Chủ tịch Hồ Chí Minh qua đời,Thời sự
Thủ tướng thăm xóm trọ công nhân,Thời sự
TP HCM kiến nghị nhiều chính sách thu hút người tài,Thời sự
Tăng lương tối thiểu vùng từ ngày 1/7,Thời sự
Kỳ đà vân quý hiếm bò vào nhà dân,Thời sự
Thủ tướng giải đáp nhiều vấn đề 'nóng' của công nhân,Thời sự
Đổ xô vào rừng săn nấm mối,Thời sự
Nỗ lực cứu 11 người khỏi căn nhà rực lửa,Thời sự
Tung chài bắt cá trên sông Bàn Thạch,Thời sự
Nhiều phố Hà Nội lại ngập sau mưa lớn,Thời sự
Nhiều cán bộ ở Quảng Ninh bị khai trừ Đảng,Thời sự
"Đại biểu kiến nghị không lập Thanh tra Tổng cục, Cục tràn lan",Thời sự
"Tự ý căng lều bên suối, thu tiền dịch vụ",Thời sự
Nhiều quận huyện TP HCM bị cắt nước cuối tuần,Thời sự
Mô hình bác sĩ gia đình chưa thành công vì thiếu cơ chế,Thời sự
"Đề xuất mở tàu cao tốc từ TP HCM đi Tiền Giang, Bến Tre",Thời sự
Giám đốc ban quản lý dự án bị khai trừ Đảng,Thời sự
Rừng ở Tây Nguyên bị bức tử,Thời sự
Trình Quốc hội dự án Luật Đất đai sửa đổi cuối năm 2022,Thời sự
Cháy ở nhà máy may lớn nhất Thừa Thiên Huế,Thời sự
'Đừng để bác sĩ vào phòng mổ phân tâm vì đấu thầu',Thời sự
TP HCM xin hướng dẫn cấp sổ đỏ cho đất tự tách thửa,Thời sự
Ôtô đầu kéo lật trên cao tốc Trung Lương,Thời sự
Hầm chui cửa ngõ Tây Bắc TP HCM bị ngập,Thời sự
Tắc đường hơn 3 km vì nhánh cây đổ,Thời sự
Công nhân mong giảm tuổi hưu hơn hạ năm đóng BHXH,Thời sự
Nông dân miền Tây bỏ trồng cây chủ lực khoai lang,Thời sự
Nước máy ở TP Vinh chuyển màu bất thường,Thời sự
Chính quyền huyện bị cho 'làm khó' đoàn Thanh tra Chính phủ,Thời sự
"'Cha mẹ quát mắng, chì chiết trẻ là bạo lực ngôn ngữ'",Thời sự
Hà Nội thừa nhà công vụ,Thời sự
Phố gần sông Tô Lịch sụt lún,Thời sự
Đề nghị xây dựng Luật Bảo vệ hạnh phúc gia đình,Thời sự
Mẹ Việt Nam anh hùng 112 tuổi qua đời,Thời sự
Lai Châu có thêm nhà máy thủy điện gần 1.000 tỷ đồng,Thời sự
TP HCM 'nợ' 193 tỷ đồng đầu tư bệnh viện dã chiến,Thời sự
Không lắp làn thu phí không dừng ở BOT quốc lộ 51,Thời sự
Bãi nhiệm Phó chủ tịch HĐND TP Đà Nẵng Lê Minh Trung,Thời sự
"Lật xe khách, 4 người chết",Thời sự
Quốc hội lập đoàn giám sát huy động nguồn lực chống Covid-19,Thời sự
Nuôi cấy san hô ở vịnh Nha Trang,Thời sự
Thách thức chính sách khi giảm năm đóng BHXH,Thời sự
"Không bổ sung nhiếp ảnh gia, kiến trúc sư vào nhóm xét tặng nghệ sĩ nhân dân",Thời sự
"Ba tài xế ôtô khách chạy ẩu, lấn làn bị thu bằng lái",Thời sự
Mở cửa xả đáy thứ 5 hồ Hòa Bình,Thời sự
Công trường Metro Số 1 bị trộm nhiều vật tư,Thời sự
Hiến đất còn gặp khó,Thời sự
Đường ra bãi giữa sông Hồng ngập sâu do xả lũ,Thời sự
Cảnh sát cứu thanh niên bị đá núi đè,Thời sự
Phí tuyến Trung Lương – Mỹ Thuận đề xuất cao nhất 432.000 đồng mỗi lượt,Thời sự
"Cao tốc Bắc Nam còn thiếu 2,8 triệu m3 đất đắp",Thời sự
Xã phường TP HCM quá tải vì dân số bằng nửa tỉnh,Thời sự
Người dân đổ đến xem thủy điện Hòa Bình xả lũ,Thời sự
Gần 50% lao động muốn chuyển việc sau dịch,Thời sự
"Bình khí phát nổ, thợ bánh cuốn tử vong",Thời sự
Đề xuất hai phương án xử lý BOT Bắc Thăng Long - Nội Bài,Thời sự
30% công nhân thường xuyên túng thiếu,Thời sự
'Xử lý cựu Bộ trưởng Nguyễn Thanh Long để giữ kỷ cương',Thời sự
"Quốc hội đề nghị xử lý quy hoạch treo, không để khiếu nại kéo dài",Thời sự
Nhà nước sẽ định giá sách giáo khoa,Thời sự
"Cháy siêu thị mini, vợ chồng tử vong",Thời sự
Tổng cục trưởng Đường bộ VN không đồng tình chia tách thành hai cục,Thời sự
Hơn 245.000 tỷ đồng xây dựng năm cao tốc,Thời sự
Bốn cách gỡ khó cho xã phường TP HCM đông dân,Thời sự
"Xe ben tông xe máy, một người chết",Thời sự
Trao quyền đăng ký sáng chế cho tổ chức chủ trì nghiên cứu,Thời sự
Cứu khỉ đuôi lợn quý hiếm,Thời sự
Nhà tuyển dụng xây dựng hình ảnh thương hiệu thế nào?,Thời sự
"Tuyến Metro số 1 thành nơi đổ rác, vẽ bậy",Thời sự
Chủ khu resort Big Sun xin gia hạn tháo dỡ đến hết tháng 6,Thời sự
Đề xuất TP HCM cùng công đoàn xây nhà cho công nhân thuê,Thời sự
Doanh nghiệp không được bỏ quy định có lợi cho lao động khi tăng lương,Thời sự
Đối thoại với người dân Thủ Thiêm bất thành,Thời sự
Đề xuất gần 10.000 tỷ đồng xây cao tốc Cần Thơ - Hậu Giang,Thời sự
"Ôtô đấu đầu, hai người chết",Thời sự
Đường sắt cao tốc qua TP HCM được đề xuất làm trên cao,Thời sự
Xe container lao vào nhà dân,Thời sự
Xe 5 chỗ bốc cháy sau va chạm,Thời sự
Hà Nội phân luồng lại một số nút giao từ 18/6,Thời sự
Lo ngại công nhân không được tăng lương từ 1/7,Thời sự
Dự án thoát nước chậm trễ chắn lối nhà dân,Thời sự
Ngâm mình bắt đặc sản 'tiến vua',Thời sự
Nhiều cá heo xuất hiện ở vịnh Vân Phong,Thời sự
Cao tốc TP HCM - Trung Lương ùn tắc hơn 10 km,Thời sự
Vietnam Airlines: Phía Australia kiểm tra ngẫu nhiên tổ bay,Thời sự
Đười ươi trong Thảo Cầm Viên Sài Gòn hút thuốc,Thời sự
Huế tri ân chúa Nguyễn ban hành quy định về áo dài,Thời sự
Miền Bắc và Trung nắng nóng kéo dài,Thời sự
Hanoi Metro lỗ 160 tỷ đồng,Thời sự
Bảo vệ bệnh viện trả lại 50 triệu đồng nhặt được,Thời sự
Giáo hội Phật giáo TP HCM có tân Trưởng ban Trị sự,Thời sự
Tàu đầu máy hơi nước sắp hoạt động trên đèo Hải Vân,Thời sự
Xe quá tải tung hoành trên khắp cung đường,Thời sự
9 tiếp viên hàng không bị thẩm vấn tại Australia,Thời sự
Bến xe lớn nhất nước ế khách,Thời sự
Hàng nghìn cây thông sau di dời dần lụi tàn,Thời sự
Trồng tiêu trên cánh đồng trũng phèn,Thời sự
Đà Lạt lấy đất sân golf mở đường kề hồ Xuân Hương,Thời sự
Đề xuất Cục Đường bộ cao tốc quản lý hơn 1.000 km đường,Thời sự
"Tàu du lịch va chạm trên vịnh Lan Hạ, một khách tử vong",Thời sự
Hàng trăm 'hố bom' trên đường nối Bình Thuận - Đăk Nông,Thời sự
Xe container cháy ngùn ngụt,Thời sự
Hai bé trai bị đuối nước ở sông biên giới,Thời sự
Chủ tịch xã bị cách chức vì quan hệ bất chính,Thời sự
Ba công nhân tử vong khi chữa cháy,Thời sự
Làng cốm gạo ở miền Tây,Thời sự
Đường bị cày nát vì xe quá tải,Thời sự
Rác ùn ứ trên nhiều tuyến phố Hà Nội,Thời sự
Cần Thơ sẽ là trung tâm vùng đồng bằng sông Cửu Long,Thời sự
Hàng loạt xe cán đinh trên quốc lộ 51,Thời sự
Thứ trưởng Y tế: Nhiều vaccine Covid-19 nguy cơ hết hạn,Thời sự
Xin lùi mốc hoàn thành cao tốc Bến Lức đến quý 3/2025,Thời sự
Giám đốc CDC Đà Nẵng bị bắt,Thời sự
TP HCM muốn mở làn riêng cho xe đạp trên xa lộ Hà Nội,Thời sự
Quảng Ngãi chi 400 tỷ đồng xây kè sông Trà Khúc,Thời sự
Bộ trưởng Nguyễn Văn Thể: Sẽ không còn Tổng cục Đường bộ VN,Thời sự
Thu phí đỗ ôtô dưới lòng đường phải bù lỗ gần 8 tỷ đồng,Thời sự
"Cục trưởng CSGT: Buộc hạ tải, cắt thùng xe quá tải",Thời sự
"Ôtô bốc cháy sau tai nạn, hai người chết",Thời sự
Phó chủ tịch tỉnh Nghệ An Lê Ngọc Hoa qua đời,Thời sự
Muôn kiểu biện hộ khi chở quá tải,Thời sự
Thủ tướng: 'Báo chí cần đi đầu trong những vấn đề lớn của đất nước',Thời sự
Chủ tịch nước: 'TP HCM cần sớm ngăn chặn khủng hoảng y tế',Thời sự
Xây dựng môi trường văn hóa trong cơ quan báo chí,Thời sự
Huyện không cho người chưa tiêm mũi 4 đi khỏi nơi cư trú,Thời sự
Đồng bằng sông Cửu Long sẽ có thêm 500 km cao tốc,Thời sự
Ôtô chở 15 khách lật nhào trên quốc lộ 1,Thời sự
TP HCM kỷ luật nhiều đảng viên liên quan 5 vụ án,Thời sự
Gặt lúa đêm tránh nắng nóng,Thời sự
Hà Nội nóng gần 40 độ C,Thời sự
TP HCM trao 65 giải báo chí,Thời sự
UNESCO đề nghị không làm đường qua khu dự trữ sinh quyển,Thời sự
Công viên 37 ha dang dở sau nhiều năm thi công,Thời sự
Ám ảnh 'hung thần' xe quá tải,Thời sự
Mặt trận Tổ quốc nghi ngờ tỷ lệ '72% người đồng ý tăng học phí',Thời sự
Đường dưới chân dự án Nhổn - ga Hà Nội hư hỏng,Thời sự
Tiền vệ Hải Phòng bóp cổ cầu thủ Hà Nội,Thể thao
HLV Gong: 'Tôi may mắn khi được cầu thủ Việt Nam đón nhận',Thể thao
Runner nước ngoài bất ngờ với không khí giải chạy VM Quy Nhơn,Thể thao
Văn Thanh giúp HAGL thắng ngược Viettel,Thể thao
1.000 tình nguyện viên tiếp lửa cho runner VM Quy Nhơn,Thể thao
Bộ race-kit đầy ắp vật phẩm của giải VM Quy Nhơn 2022,Thể thao
Grab tặng 20.000 code di chuyển cho runner VM Quy Nhơn,Thể thao
Tiền vệ Saudi Arabia muốn đổi vận ở U23 châu Á,Thể thao
Cầu thủ đánh trọng tài bị cấm thi đấu 24 tháng,Thể thao
Golfer PGA Tour phản ứng thế nào khi bị treo gậy?,Thể thao
2.000 runner nhận bib ngày đầu tiên VM Quy Nhơn,Thể thao
"Phụ huynh, runner nhí sẵn sàng cho Kun Marathon",Thể thao
Những runner đầu tiên có mặt tại giải chạy VM Quy Nhơn,Thể thao
PGA Tour kỷ luật thành viên,Thể thao
Đồng hương vượt thành tích 5.000m của Kipchoge,Thể thao
Saudi Arabia bổ sung hai tuyển thủ quốc gia đấu Việt Nam,Thể thao
U23 Thái Lan có thành tích tốt nhất trong những đội bị loại,Thể thao
Cựu Vua cờ xin thua khi đối thủ chưa thấy nước thắng,Thể thao
Phụ huynh xếp hàng sớm nhận bib chạy Kun Marathon,Thể thao
Cầu thủ Saudi Arabia muốn giải quyết Việt Nam trong 90 phút,Thể thao
Việt Nam chưa từng thắng Saudi Arabia cấp U23,Thể thao
Ronaldo vào đội hình hay nhất Ngoại hạng Anh,Thể thao
CLB Nga chế nhạo Bayern vụ hỏi mua Mane,Thể thao
Báo Tây Ban Nha: 'Pique bị Shakira bội ước',Thể thao
Martinez: 'Ngay cả Tổng thống cũng im lặng khi Messi nói',Thể thao
Nạn nhân tống tiền mong Benzema giành Quả Bóng Vàng,Thể thao
Đối thủ của Việt Nam lập kỷ lục U23 châu Á,Thể thao
Ronaldo tịt ngòi trong trận thắng của Bồ Đào Nha,Thể thao
Việt Nam vui đùa trước trận Saudi Arabia,Thể thao
Thái Lan gần chắc suất dự Asian Cup 2023,Thể thao
VnExpress Marathon Quy Nhơn 2022: Mỗi VĐV là một đại sứ du lịch,Thể thao
Australia gặp Việt Nam hoặc Saudi Arabia ở bán kết,Thể thao
Runner top 100 VM giảm 45 kg chỉ sau một năm chạy bộ,Thể thao
Dàn sao tổng duyệt trước đêm khai mạc VM Quy Nhơn,Thể thao
Cơ cấu chia thưởng ở LIV Golf Invitational Series,Thể thao
Huỳnh Thạnh: 'Chạy bộ như người bạn vô hình',Thể thao
Tiền vệ Saudi Arabia quyết không để Việt Nam ghi bàn,Thể thao
Nhóm runner lớn tuổi nhất giải chạy VM Quy Nhơn,Thể thao
Bùi Hoàng Việt Anh: 'Việt Nam cần bọc lót tốt trước Saudi Arabia',Thể thao
LIV Golf Invitational Series được triển khai thế nào,Thể thao
Bỏ việc kỹ sư vì giấc mơ marathon,Thể thao
HLV Saudi Arabia: 'Chúng tôi sẽ khiến Việt Nam gặp vấn đề',Thể thao
HLV Gong để ngỏ khả năng chơi tấn công trước Saudi Arabia,Thể thao
Australia - Turkmenistan: Khó có bất ngờ ở tứ kết U23 châu Á,Thể thao
"Bảo Ngọc, Đỗ Kim Phúc cổ vũ runner nhí Kun Marathon",Thể thao
Quang Liêm độc chiếm đỉnh bảng Prague Masters,Thể thao
Khoảnh khắc trên đường đua của nhà vô địch Kun Marathon,Thể thao
Những bóng hồng nhận bib tại VM Quy Nhơn 2022,Thể thao
Khoảnh khắc cảm xúc trên đường chạy Kun Marathon,Thể thao
Quy Nhơn sôi động ngày diễn ra VnExpress Marathon,Thể thao
Các em nhỏ vượt thử thách trên đường chạy nhí,Thể thao
Man Utd chia tay 11 cầu thủ,Thể thao
Runner cả nước đổ về Quy Nhơn,Thể thao
Zidane tới Qatar đàm phán với PSG,Thể thao
Mbappe cứu Pháp,Thể thao
Wichniarek: 'Thái độ của Lewandowski thật đáng xấu hổ',Thể thao
Dụng Quang Nho: ‘U23 Việt Nam có điểm mạnh riêng’,Thể thao
Việt Nam dừng chân ở tứ kết U23 châu Á,Thể thao
Lý Hoàng Nam trở lại top 400 ATP,Thể thao
Nhật Bản biến Hàn Quốc thành cựu vô địch,Thể thao
HLV Gong căn dặn cầu thủ Việt Nam thế nào,Thể thao
10.000 VĐV hoàn thành thử thách tại VM Quy Nhơn 2022,Thể thao
Schwartzel 'hốt bạc' khi vô địch sự kiện đầu Invitational Series,Thể thao
Quang Liêm hoà nhanh kỳ thủ gốc Việt,Thể thao
VM Quy Nhơn trao 128 giải thưởng,Thể thao
Việt Nam - Saudi Arabia: Tiếp đà thăng tiến,Thể thao
Saudi Arabia nguy cơ mất thêm trụ cột khi gặp Việt Nam,Thể thao
Cầu hôn bạn gái ở vạch đích VM Quy Nhơn,Thể thao
Tương quan trước trận Việt Nam - Saudi Arabia,Thể thao
'Nữ hoàng chân đất' gợi lại vinh quang khi vô địch VM Quy Nhơn,Thể thao
Những nụ cười trên đường chạy VM Quy Nhơn,Thể thao
Uzbekistan 2-2 Iraq,Thể thao
AFC vinh danh Nguyễn Văn Tùng và Quan Văn Chuẩn,Thể thao
Liverpool phá kỷ lục chuyển nhượng,Thể thao
Uzbekistan vào bán kết dù đá thiếu người hơn 105 phút,Thể thao
Tuyển Anh chạm mốc buồn sau 4 năm,Thể thao
HLV Australia xem Việt Nam là đối thủ tiềm ẩn ở bán kết U23 châu Á,Thể thao
"Lê Văn Tuấn, Phạm Thị Bình vô địch VM Quy Nhơn",Thể thao
DP World Tour lần đầu có golfer nữ vô địch,Thể thao
Không gian 3D mô phỏng MerryLand Quy Nhơn thu hút runner,Thể thao
Tân binh 107 triệu USD của Real đánh chặn tốt nhất châu Âu,Thể thao
McIlroy lại thắng trên PGA Tour,Thể thao
Tương lai nào cho U23 Việt Nam sau giải châu Á?,Thể thao
Đòn siết cổ giúp võ sĩ CH Czech vô địch UFC,Thể thao
"Giải chạy JEX Running ra mắt huy chương, áo thi đấu",Thể thao
Kỳ thủ Trung Quốc được kỳ vọng thách đấu Vua cờ Carlsen,Thể thao
Cựu vô địch Olympic quỳ gối trước Haaland,Thể thao
HLV Hàn Quốc thừa nhận chọn sai đội hình,Thể thao
HLV Nhật Bản: 'Thắng Hàn Quốc nhờ đá quyết liệt',Thể thao
Truyền thông Hàn Quốc ví trận thua Nhật Bản như thảm họa,Thể thao
Steve Darby: 'Thủng lưới trước là bất công với Việt Nam',Thể thao
Uzbekistan có thể phải đá bán kết không khán giả,Thể thao
Nhâm Mạnh Dũng - thủ môn bất đắc dĩ của U23 Việt Nam,Thể thao
CĐV Thái Lan hả hê khi Việt Nam bị loại,Thể thao
Bồ Đào Nha gục ngã khi vắng Ronaldo,Thể thao
Tiền đạo Minh Bình: 'Giá mà tôi dứt điểm tốt hơn',Thể thao
HLV Saudi Arabia: 'Chúng tôi gặp khó khăn trước khi hạ Việt Nam',Thể thao
HLV Gong: 'Cầu thủ Việt Nam sẽ trưởng thành sau giải U23 châu Á',Thể thao
Ba cầu thủ Nhật Bản mắc Covid-19 trước bán kết U23 châu Á,Thể thao
Phan Tuấn Tài cùng đồng đội về TP HCM,Thể thao
Ronaldo và dàn sao tôn vinh Marcelo,Thể thao
Vì sao bóng đá trẻ Nhật Bản thành công?,Thể thao
Lãnh đạo PGA Tour chê LIV Golf Invitational Series,Thể thao
Tyson Fury sẽ tái xuất cuối năm 2022,Thể thao
Võ sĩ Mỹ suýt tái hiện vụ Mike Tyson cắn tai,Thể thao
Ngoại hạng Anh lộ lịch thi đấu,Thể thao
"Việt Anh, Tuấn Tài đứng đầu thống kê U23 châu Á",Thể thao
Djokovic xuống thứ 3 thế giới,Thể thao
Haaland: 'Guardiola sẽ nâng tầm tôi',Thể thao
Modric biến Pháp thành cựu vương Nations League,Thể thao
Australia lần thứ năm liên tiếp dự World Cup,Thể thao
Salah: 'Liverpool xứng đáng vô địch Champions League',Thể thao
Uzbekistan hạ Nhật Bản ở bán kết U23 châu Á,Thể thao
Saudi Arabia vào chung kết U23 châu Á,Thể thao
UEFA có thể ra mắt giải đấu ở Mỹ,Thể thao
"CĐV bủa vây Việt Anh, Mạnh Dũng",Thể thao
McIlroy: 'Tôi đã sai về LIV Golf Invitational Series',Thể thao
Tiền vệ Australia có thêm động lực trước bán kết U23 châu Á,Thể thao
"Trọng tài bị khán giả, cầu thủ đánh chết",Thể thao
Bán kết U23 châu Á: Cơ hội cho những Samurai trẻ,Thể thao
Klopp: 'Nunez có mọi mảnh ghép Liverpool cần',Thể thao
Quang Liêm thắng cựu vô địch châu Á,Thể thao
Pique thách Barca mua trung vệ khác,Thể thao
Chỉ CĐV Nhật Bản được vào sân ở bán kết U23 châu Á,Thể thao
Đức thắng Italy 5-2 ở Nations League,Thể thao
Anh thua 0-4 tại Nations League,Thể thao
Costa Rica đoạt vé cuối dự World Cup 2022,Thể thao
Dembele từ chối đề nghị cuối cùng của Barca,Thể thao
"Thái Lan, Malaysia, Indonesia dự Asian Cup 2023",Thể thao
Pogba đồng ý trở lại Juventus,Thể thao
4 đội tranh tài tại khai mạc Futsal HDBank Vô địch Quốc gia 2022,Thể thao
HLV Shin Tae-yong dẫn dắt U19 Indonesia,Thể thao
US Open 2022 vẫn mở cửa với golfer LIV Golf Invitational Series,Thể thao
US Open giữ đỉnh thưởng major,Thể thao
Quang Liêm có thể vô địch Prague Masters sớm một vòng,Thể thao
Barca chia tay Dani Alves,Thể thao
HLV Uzbekistan: ‘Chúng tôi bắt bài Nhật Bản’,Thể thao
Mỹ Mở rộng không cấm tay vợt Nga,Thể thao
CLB Hòa Bình giành vé lên chơi giải hạng Nhất,Thể thao
HLV Gong: 'Tôi mong U23 châu Á thay đổi cuộc đời cầu thủ',Thể thao
"Haaland ghi bàn nhiều hơn Ronaldo, Messi thời trẻ",Thể thao
Trung vệ Việt Anh: 'Tôi từng nghi ngại triết lý của HLV Gong',Thể thao
HLV Saudi Arabia: 'Chúng tôi khiến Australia sụp đổ',Thể thao
HLV Trương Việt Hoàng không cùng Viettel dự AFC Cup,Thể thao
Van Basten: 'Không hiểu bóng đá mới nói Ronaldo hơn Messi',Thể thao
McIlroy nổi nóng ở US Open 2022,Thể thao
Sinh nhật kém vui của Mickelson,Thể thao
Barca sắp được giải cứu,Thể thao
Guardiola chi chuyển nhượng nhiều gần gấp đôi Klopp,Thể thao
Tân binh 107 triệu USD của Liverpool được đánh giá cao hơn Torres,Thể thao
HAGL đặt mục tiêu hai lần vô địch V-League,Thể thao
Khởi tranh giải thể thao điện tử quốc tế FIFA Online 4,Thể thao
Bất ngờ ngày mở màn US Open 2022,Thể thao
Florentino Perez: 'Mbappe từ bỏ ước mơ khi ở lại PSG',Thể thao
Ông Lê Hùng Dũng và thập niên đổi đời của bóng đá Việt Nam,Thể thao
Golden State Warriors vô địch NBA 2021-2022,Thể thao
Thủ môn không còn được nhảy múa khi bắt phạt đền,Thể thao
Federer kinh ngạc về kỷ lục của Nadal,Thể thao
Hôm nay bắt đầu chọn người thách đấu Vua cờ Carlsen,Thể thao
CĐV Man Utd lo ngại cho khởi đầu của Ten Hag,Thể thao
Thủ quân Nhật Bản thừa nhận bất lực trước Uzbekistan,Thể thao
Nguyên Chủ tịch VFF Lê Hùng Dũng qua đời,Thể thao
Laporta: ‘Messi là lịch sử 20 năm của Barca’,Thể thao
Lý do Pogba rời Man Utd,Thể thao
Kỳ thủ gốc Việt có thể tác động cơ hội vô địch của Quang Liêm,Thể thao
Nhật Bản thắng đậm Australia để giành HC đồng U23 châu Á,Thể thao
Các ngôi sao bắt đầu tăng tốc ở US Open 2022,Thể thao
Nhâm Mạnh Dũng bất ngờ vì đột nhiên nổi tiếng,Thể thao
Thủ môn U23 Việt Nam: 'Không hối hận khi nhận thẻ đỏ',Thể thao
HLV từng vô địch World Cup dẫn dắt tuyển futsal Việt Nam,Thể thao
"Nadal, Djokovic gặp lại nhau trước Wimbledon",Thể thao
"Nadal muốn tranh Wimbledon, Mỹ Mở rộng",Thể thao
Tiền đạo U23 Việt Nam: 'Tôi không ngại đá rắn',Thể thao
Kỳ thủ đề nghị hoà trên thế thắng vì đối thủ khóc,Thể thao
Kỳ thủ Trung Quốc thua ván đầu Candidates 2022,Thể thao
Ronaldo xây dinh thự mới trị giá 22 triệu USD,Thể thao
Real đưa Bale vào danh sách huyền thoại,Thể thao
Man Utd hụt tiền vệ 42 triệu USD vào tay PSG,Thể thao
Leonardo: 'Messi không nghĩ nhiều khi rời Barca',Thể thao
Guardiola mất 'cánh tay phải' ở Man City,Thể thao
Quang Hải đã ký hợp đồng với CLB Pháp,Thể thao
Hai cầu thủ Man Utd được đề cử giải Cậu Bé Vàng,Thể thao
La Liga kiện PSG lên tòa án Pháp,Thể thao
"Fury muốn so găng Mike Tyson, anh em Klitschko",Thể thao
Quang Liêm hụt chức vô địch Prague Masters,Thể thao
Liverpool đồng ý bán Mane cho Bayern,Thể thao
Cầu thủ Saudi Arabia muốn vô địch để tri ân HLV,Thể thao
Saudi Arabia lập kỷ lục sạch lưới ở U23 châu Á,Thể thao
Saudi Arabia vô địch U23 châu Á 2022,Thể thao
Salah chơi chung kết Champions League với chấn thương,Thể thao
Mayweather đấu nhà vô địch MMA Nhật Bản,Thể thao
CEO Arnold: 'Man Utd đốt quá nhiều tiền',Thể thao
US Open 2022 vào hồi gay cấn,Thể thao
Tương quan trước trận chung kết U23 châu Á,Thể thao
Varane sẵn sàng cho khởi đầu mới cùng Ten Hag,Thể thao
"Nakamura thắng ván 6,5 tiếng ở Candidates 2022",Thể thao
Hai cua-rơ oẳn tù tì để phân định nhất nhì,Thể thao
Medvedev tuần thứ hai liên tiếp vào chung kết,Thể thao
Osaka rút khỏi Wimbledon,Thể thao
Thiem bị hàng xóm tố quay phim khiêu dâm,Thể thao
Tiền vệ Arsenal bị điều tra vì hành vi cá cược,Thể thao
Real muốn mua Haaland trong 2 năm tới,Thể thao
Nữ cầu thủ đẹp nhất thế giới học Ronaldo,Thể thao
"Saunders: 'Về Bayern, Mane sẽ lãng phí hai năm tuyệt vời nhất'",Thể thao
Cựu HLV Saudi Arabia ca ngợi Al-Shehri,Thể thao
"Pogba chơi bóng cùng Ronaldinho, Roberto Carlos",Thể thao
PSG đề nghị lương gấp 12 lần để lôi kéo Vinicius,Thể thao
Zidane: 'Tôi muốn trở lại huấn luyện',Thể thao
Verstappen giúp Red Bull thắng sáu chặng liền,Thể thao
PSG sắp bổ nhiệm HLV mới,Thể thao
HLV bỏ về giữa trận khi Medvedev nổi nóng,Thể thao
Nước cờ 63 phút của Firouzja ở Candidates 2022,Thể thao
VM Nha Trang đóng đăng ký cự ly 10km,Thể thao
Fitzpatrick vô địch US Open 2022,Thể thao
Saudi Arabia thưởng lớn nhà vô địch U23 châu Á,Thể thao
HLV Park khen ông Gong qua giải U23 châu Á,Thể thao
Tuyển Việt Nam thi dưới sức ở giải bơi thế giới,Thể thao
Shehata: 'Salah chưa làm được gì cho Ai Cập',Thể thao
Buffon: 'Di Maria giống như Maradona nếu đến Serie A',Thể thao
'Cánh tay phải' của Abramovich sắp rời Chelsea,Thể thao
Lukaku tìm đường trở lại Inter từ tháng 4,Thể thao
Siêu xe của Ronaldo gặp nạn,Thể thao
Saudi Arabia vuột một giải thưởng U23 châu Á,Thể thao
Rudiger từ chối Barca để tới Real,Thể thao
Mbappe phản pháo Chủ tịch LĐBĐ Pháp,Thể thao
Toni Nadal: ‘Djokovic là số một ở Wimbledon’,Thể thao
Kình ngư Italy phá kỷ lục thế giới,Thể thao
Tay vợt Nga đổi quốc tịch để dự Wimbledon,Thể thao
Tân binh Arsenal từ chối ký tặng CĐV Tottenham,Thể thao
Djokovic có thể xuống thứ 8 ATP,Thể thao
Nữ runner khuyết tật chạy 104 marathon trong 104 ngày,Thể thao
Golfer phá gậy ở US Open 2022,Thể thao
Perez: 'Mbappe sẽ hối tiếc vì từ chối Real',Thể thao
Lạm phát Mỹ lập đỉnh 40 năm vì giá xăng,Kinh doanh
'Đã đến lúc dừng cơ chế đặc thù với từng địa phương',Kinh doanh
Kinh tế Trung Quốc có tín hiệu tích cực,Kinh doanh
Mô hình kết hợp thương mại và nghỉ dưỡng tại Sun Secret Valley,Kinh doanh
Vietcombank Nha Trang có thêm trụ sở mới,Kinh doanh
BEST Express Việt Nam có trụ sở mới,Kinh doanh
Trung tâm lái xe An Ninh hỗ trợ trả góp học phí lãi suất 0%,Kinh doanh
Vietcombank Phú Thọ khánh thành trụ sở mới,Kinh doanh
"Giảm mạnh cuối phiên, VN-Index mất gần 24 điểm",Kinh doanh
Thị trường căn hộ mới tại TP HCM tăng tỷ lệ hấp thụ,Kinh doanh
Chiến lược đồng hành phát triển của Hưng Thịnh Incons,Kinh doanh
Westin Hotels & Resorts kết hợp Strava khởi động thử thách chạy bộ,Kinh doanh
Phố thương mại phong cách nhiệt đới tại Phú Quốc,Kinh doanh
Người Mỹ mất 3.000 tỷ USD vì chứng khoán,Kinh doanh
"Thẩm mỹ KoKo, lựa chọn làm đẹp của chị em phụ nữ",Kinh doanh
"Nam A Bank có mặt tại 27 tỉnh, thành",Kinh doanh
"Giá xăng, dầu kỷ lục đè nặng lên doanh nghiệp Mỹ",Kinh doanh
Chuyên gia chia sẻ bí quyết đầu tư bất động sản Bắc Giang,Kinh doanh
Vinhomes tạo điểm đến mới với tổ hợp giải trí biển,Kinh doanh
Học thực hành - giải pháp nâng cao kinh nghiệm làm việc thực tiễn,Kinh doanh
Những yếu tố tạo sức hút cho NovaWorld Ho Tram,Kinh doanh
Ba tỷ đồng mua chung cư hay vay thêm tậu nhà phố,Kinh doanh
Châu Âu sẽ tăng lãi suất lần đầu sau 11 năm,Kinh doanh
Đại hội cổ đông bàn về nhân sự FLC bất thành,Kinh doanh
Nam Group phát triển căn hộ nghỉ dưỡng tại trung tâm Phú Quốc,Kinh doanh
Salto Residence tạo cảm hứng sống xanh cho cư dân,Kinh doanh
Shipper có lương cao nhất trong nhóm lao động phổ thông,Kinh doanh
Quá trình phát triển của thương hiệu nước giặt Spy,Kinh doanh
3 ngân hàng hỗ trợ cho vay khách mua căn hộ Simona Heights,Kinh doanh
BIDV ra mắt hệ sinh thái số Omni BIDV iBank,Kinh doanh
Hà Nội xin gỡ khó thu hồi đất dự án trường đua ngựa 10.000 tỷ đồng,Kinh doanh
Napas tổ chức 'Ngày không tiền mặt' với nhiều quà tặng,Kinh doanh
Bất động sản đối mặt nhiều thách thức,Kinh doanh
Tập đoàn VAS chinh phục thị trường Trung Mỹ,Kinh doanh
MoMo mua cổ phần một công ty chứng khoán,Kinh doanh
"Hơn 2.000 lít mật ong giả làm từ mạch nha, đường bị thu giữ",Kinh doanh
Thuduc House bị cưỡng chế thuế hơn 128 tỷ đồng,Kinh doanh
Selashine bổ sung nguồn cung nhà phố thương mại cho Phú Quốc,Kinh doanh
1Office giúp tự động hóa quy trình doanh nghiệp,Kinh doanh
"Giá vàng thế giới tăng vọt, chứng khoán Mỹ lao dốc",Kinh doanh
"Sun Life Việt Nam tung khuyến mại tới 1,8 tỷ đồng",Kinh doanh
'Huyền thoại golf' Tiger Woods được Forbes công nhận tỷ phú,Kinh doanh
Công ty Ấn Độ thu nhỏ sản phẩm để đối phó lạm phát,Kinh doanh
Sacombank tổ chức giải chạy gây quỹ,Kinh doanh
Vốn hoá thị trường Samsung Electronics giảm bảy bậc,Kinh doanh
Vinamilk đẩy mạnh mô hình phát triển bền vững ngành sữa,Kinh doanh
TTC Group công bố nhà phố thương mại Selashine Phú Quốc,Kinh doanh
Giá Bitcoin xuống thấp nhất một tháng,Kinh doanh
Xuất khẩu chuối sang Trung Quốc tăng mạnh,Kinh doanh
Tổng thống Biden: Lạm phát có thể còn kéo dài,Kinh doanh
Nhiều hoạt động tại chương trình 'Ngày không tiền mặt',Kinh doanh
Nhiều rào cản kìm hãm phát triển kinh tế biển,Kinh doanh
Giá xăng có thể vượt mốc 32.000 đồng một lít,Kinh doanh
Mỹ khởi xướng điều tra lẩn tránh thuế với tủ gỗ Việt Nam,Kinh doanh
Đà Nẵng sắp có công viên ven sông quy mô lên 50 ha,Kinh doanh
Giá xăng ở Mỹ đạt kỷ lục mới,Kinh doanh
An cư tại biệt thự nghỉ dưỡng vùng ven,Kinh doanh
Nhiều thách thức trong cuộc đua tỷ USD điện gió ngoài khơi,Kinh doanh
Cán bộ thuế không được 'ngâm' hồ sơ chuyển nhượng bất động sản,Kinh doanh
'Bất động sản Bắc Giang có tính đầu cơ cao',Kinh doanh
Chuỗi cung ứng là mối quan tâm lớn nhất của các ngành công nghiệp,Kinh doanh
Saladin - bảo hiểm công nghệ của người Việt,Kinh doanh
"Lãi suất tới 6,6% khi gửi tiết kiệm online",Kinh doanh
Mỹ tiếp tục xác định 'Việt Nam không thao túng tiền tệ',Kinh doanh
Tài chính toàn cầu rực lửa vì lo lạm phát,Kinh doanh
Lợi thế thương mại của bất động sản ở khu vực cửa khẩu,Kinh doanh
ACB ưu đãi cho khách giao dịch,Kinh doanh
Phương Trang đồng hành cùng Hoa hậu Hoàn vũ Việt Nam,Kinh doanh
Ngọc Diễm: 'Tôi quan tâm 3 yếu tố khi đầu tư bất động sản',Kinh doanh
VCBS: Lãi suất cho vay chịu áp lực tăng,Kinh doanh
Giá xăng vượt 32.000 đồng một lít,Kinh doanh
Nova Consumer hoàn thiện chuỗi sản xuất nông nghiệp khép kín,Kinh doanh
Nhiều dự án Delta Group đạt thành tích an toàn cao,Kinh doanh
Giá vàng SJC giảm hơn một triệu đồng mỗi lượng,Kinh doanh
VN-Index giảm hơn 57 điểm,Kinh doanh
Những lầm tưởng phổ biến về bảo hiểm du lịch,Kinh doanh
"Giá Bitcoin xuống đáy 1,5 năm",Kinh doanh
Tổng công ty Cấp nước Sài Gòn lần đầu lãi nghìn tỷ,Kinh doanh
Bất động sản thương mại sôi động trở lại,Kinh doanh
Thế giới Di động tài trợ 550 ca phẫu thuật hở hàm ếch,Kinh doanh
VNG dự kiến doanh thu kỷ lục nhưng lỗ gần nghìn tỷ đồng,Kinh doanh
Fed ngày càng khó lựa chọn giữa lạm phát và suy thoái,Kinh doanh
Những mảnh ghép lớn của kinh tế đêm Phú Quốc,Kinh doanh
Phương Tây 'có thể sai lầm' khi muốn tịch thu vĩnh viễn tài sản Nga,Kinh doanh
Doanh số thẻ của VietinBank tăng trưởng 40%,Kinh doanh
Có nên bỏ 'room' tín dụng cho ngân hàng?,Kinh doanh
Logistics thương mại điện tử dự kiến đạt hơn 1.901 tỷ USD năm 2030,Kinh doanh
Thiếu hụt nguồn cung chung cư ven biển tại Nha Trang,Kinh doanh
Các tỷ phú tiền số mất 80% tài sản,Kinh doanh
Cơ hội trúng thưởng 500 triệu đồng khi gửi tiền tại BIDV,Kinh doanh
Ông Đỗ Anh Tuấn từ nhiệm Chủ tịch Công ty Xây dựng SCG,Kinh doanh
Sacombank tuyển dụng 300 nhân sự,Kinh doanh
Dịch vụ 'Bay trước - trả sau' đạt giải công nghệ quốc tế,Kinh doanh
Giới siêu giàu mất 1.400 tỷ USD từ đầu năm,Kinh doanh
"The SAEM, MVOT tài trợ cho Miss Eco Việt Nam 2022",Kinh doanh
WB: Việt Nam nên hỗ trợ người dân chống chọi với giá xăng dầu,Kinh doanh
Loạt ưu điểm thu hút đầu tư của dự án HT Pearl,Kinh doanh
Chứng khoán dứt chuỗi giảm,Kinh doanh
Vietnam Airlines dự kiến vẫn khó khăn đến hết năm sau,Kinh doanh
Lợi thế của shophouse phân khu Sao Biển Vinhomes Ocean Park 2,Kinh doanh
'13.000 đồng không phải giá xăng Malaysia đề xuất bán cho Việt Nam',Kinh doanh
"EU gỡ 'biện pháp kiểm soát khẩn cấp' với bún, miến, phở Việt Nam",Kinh doanh
Bộ Tài chính tính giảm tiếp thuế bảo vệ môi trường với xăng,Kinh doanh
"Vincom khai trương hai trung tâm thương mại tại Tiền Giang, Bạc Liêu",Kinh doanh
Vinhomes công bố 66 đại lý phân phối dự án Lumière Boulevard,Kinh doanh
Cô gái Bến Tre đăng quang Hoa hậu Môi trường Việt Nam 2022,Kinh doanh
Hermès ra mắt loạt nội thất mới,Kinh doanh
OTC là gì?,Kinh doanh
Bitcoin dò đáy 21.000 USD,Kinh doanh
Fed có thể phải tăng lãi suất mạnh nhất gần 30 năm,Kinh doanh
Giá trị khác biệt của bất động sản khoáng nóng tại Thanh Hóa,Kinh doanh
Một số nhà máy châu Âu sẽ đóng cửa vì thiếu năng lượng rẻ của Nga,Kinh doanh
Triển vọng của bất động sản TP Thủ Đức,Kinh doanh
Unlock Dream Home phát triển loạt tính năng hỗ trợ người mua nhà,Kinh doanh
Sức hút đầu tư của dự án đã hoàn thiện The Arena Cam Ranh,Kinh doanh
"Vàng, chứng khoán Mỹ cùng bị bán tháo",Kinh doanh
Hệ thống 25 tiện ích đa dạng tại Charm Resort Long Hải,Kinh doanh
Tiki tổ chức giải đấu lập trình,Kinh doanh
Gói hỗ trợ gia tăng cạnh tranh cho cơ sở kinh doanh ăn uống,Kinh doanh
Giải pháp tối ưu vận chuyển khi kinh doanh online,Kinh doanh
Định hướng phát triển của Dr. Lacir,Kinh doanh
Regal Food Legend Quảng Bình đề cao trải nghiệm mua sắm cao cấp,Kinh doanh
BEST Express chia sẻ bí quyết đầu tư nhượng quyền bưu cục hiệu quả,Kinh doanh
Ocean Group từ lãi thành lỗ 280 tỷ đồng sau kiểm toán,Kinh doanh
Chứng khoán giảm 16 điểm,Kinh doanh
Hoàn tiền khi thanh toán thẻ 2Card VietinBank Napas,Kinh doanh
Nga thu 20 tỷ USD từ xuất khẩu dầu trong một tháng,Kinh doanh
Bước tiến mới của thương hiệu chăm sóc sức khỏe và sắc đẹp Việt,Kinh doanh
Dòng chảy khí đốt Mỹ sang châu Âu liên tục gặp khó,Kinh doanh
Đại biểu Quốc hội: Không bằng mọi giá thu hút đầu tư vào dầu khí,Kinh doanh
Tìm hướng đưa vải thiều đến gần người tiêu dùng quốc tế,Kinh doanh
Yếu tố riêng tư tại biệt thự Wyndham Phú Quốc,Kinh doanh
Sun Grand City Hillside Residence dần hoàn thiện,Kinh doanh
Ngân hàng số MyVIB 2.0 lập hai kỷ lục Việt Nam,Kinh doanh
4 đối tác quốc tế tham gia phát triển dự án Lumière Boulevard,Kinh doanh
Nhiều nền kinh tế đang trả giá cho sai lầm của ngân hàng trung ương,Kinh doanh
Lalamove triển khai chiến dịch hỗ trợ doanh nghiệp tăng trưởng,Kinh doanh
Thiết kế biệt thự Hinode Royal Park đề cao mảng xanh thiên nhiên,Kinh doanh
Đầu tư bất động sản Hạ Long với vốn từ 900 triệu đồng,Kinh doanh
"Bội chi ngân sách 2020 gần 9,3 tỷ USD",Kinh doanh
4 nguyên tắc 'vàng' đầu tư bất động sản an toàn,Kinh doanh
Căn hộ Stella Residence sở hữu tiện ích cao cấp,Kinh doanh
Hệ sinh thái tiện ích độc đáo tại khu phức hợp Selavia,Kinh doanh
Cơ hội sở hữu nhà 'nhìn sông tựa núi' tại Châu Đốc,Kinh doanh
Ứng dụng giải trí VieON sau 2 năm ra mắt,Kinh doanh
Gofood phân phối bò Obe Organic chính hãng tại Việt Nam,Kinh doanh
Thị trường logistics dự kiến đạt 6.550 tỷ USD,Kinh doanh
Quốc hội yêu cầu tiến tới bỏ cấp 'room' tín dụng cho ngân hàng,Kinh doanh
Việt Nam tính nâng dự trữ xăng dầu quốc gia,Kinh doanh
4 lý do nên khám chữa bệnh tại phòng khám đa khoa Âu Á,Kinh doanh
Bình Phước thu hút thêm 9 dự án FDI,Kinh doanh
Truyền thông quốc tế đưa tin về dự án KCN dệt may Aurora IP,Kinh doanh
HDBank và Petrolimex phát hành thẻ đồng thương hiệu 4 trong 1,Kinh doanh
BEST Express và Mum’s Club trao xe máy cho khách hàng may mắn,Kinh doanh
Sun Property giới thiệu dự án đô thị đảo tại Đà Nẵng,Kinh doanh
Cảm hứng Hà Nội 36 phố phường tại The Manor Central Park,Kinh doanh
Cơ hội thành trung tâm năng lượng châu Âu của Romania,Kinh doanh
Vietnam Airlines mở đường bay thẳng tới Ấn Độ,Kinh doanh
Giá mỳ gói thành chỉ số lạm phát ở Indonesia,Kinh doanh
Biệt thự sinh thái biển Sầm Sơn hưởng lợi từ phát triển du lịch,Kinh doanh
Giá Bitcoin hồi phục,Kinh doanh
VIB ưu đãi chủ thẻ Happy Drive,Kinh doanh
Nhà giàu Việt đua tậu căn hộ triệu USD,Kinh doanh
Bất động sản nghỉ dưỡng Hồ Tràm tăng tốc nhờ hạ tầng,Kinh doanh
Giải pháp quản trị nhân lực trong thời đại số,Kinh doanh
Khánh Hoà được thí điểm nhiều cơ chế đặc thù,Kinh doanh
​Vietcombank đạt giải Ngân hàng mạnh nhất Việt Nam 2021,Kinh doanh
Tiềm năng đầu tư của Tân Uyên Central Point,Kinh doanh
FPT hỗ trợ tỉnh Hưng Yên chuyển đổi số,Kinh doanh
Chuyện gì sẽ xảy ra sau khi Fed nâng lãi suất?,Kinh doanh
Doanh nghiệp bảo hiểm không được kinh doanh bất động sản,Kinh doanh
Nước tăng lực Wake-up 247 tung khuyến mại hè,Kinh doanh
Cách giảm rủi ro pháp lý khi đầu tư đất Hòa Bình,Kinh doanh
'Vải thiều là niềm tự hào của Việt Nam',Kinh doanh
Mitsubishi Heavy trao giải đặc biệt cho khách hàng may mắn,Kinh doanh
Ông lớn sữa Việt quảng bá trang trại bền vững ra thế giới,Kinh doanh
'Không hy sinh công trình phúc lợi để làm khu thương mại',Kinh doanh
Kinh doanh ăn uống khởi sắc,Kinh doanh
68% người trưởng thành có tài khoản ngân hàng,Kinh doanh
Tập đoàn Thế Giới Điện Giải mở rộng chuỗi showroom toàn quốc,Kinh doanh
Tuyến phố thanh toán không tiền mặt tại Đà Nẵng,Kinh doanh
Ông lớn công nghệ hiến kế tự động hoá quy trình doanh nghiệp,Kinh doanh
"EVN lo thiếu nước phát điện khi xả lũ ở Hoà Bình, Sơn La",Kinh doanh
Doanh số bảo hiểm lũy kế 5 tháng đầu năm của MB đạt 800 tỷ đồng,Kinh doanh
Tập đoàn Cao su Việt Nam dự kiến lãi đi ngang,Kinh doanh
'Cơ chế đấu thầu sẽ tránh năng lượng tái tạo phát triển ồ ạt',Kinh doanh
Bita's tặng hàng nghìn phần quà cho học sinh khó khăn,Kinh doanh
Lãnh đạo Home Credit Việt Nam được vinh danh tại C-Suite Award,Kinh doanh
"Cổ phiếu thép, bất động sản đồng loạt nằm sàn",Kinh doanh
Routine ưu đãi đến 50% dịp sinh nhật 9 tuổi,Kinh doanh
FPT IS cung cấp xác thực hợp đồng điện tử,Kinh doanh
'Việt Thương Music Fair lần 8' diễn ra trong tháng 6,Kinh doanh
"Mastercard ưu đãi dịch vụ sức khỏe, giải trí",Kinh doanh
Cách đầu tư nhà phố cho thuê với 200 triệu đồng,Kinh doanh
Passo Garden thêm nguồn cung căn hộ nghỉ dưỡng tại Phú Quốc,Kinh doanh
Lễ ra mắt hợp phần Sun Festival Avenue thuộc Hon Thom Paradise Island,Kinh doanh
FPT Long Châu và Sanofi xử lý rác thải từ bút tiêm insulin,Kinh doanh
J&T Express tiếp tục mở rộng đầu tư đa quốc gia,Kinh doanh
Điểm nhấn thiết kế 4 dòng biệt thự tại The Aqua,Kinh doanh
Cổ đông Eximbank lần đầu được chia cổ tức sau 8 năm,Kinh doanh
Bitcoin dò đáy 20.000 USD,Kinh doanh
Dragon Capital Việt Nam hợp tác MoMo đầu tư chứng chỉ quỹ,Kinh doanh
Sudico đặt mục tiêu đạt tăng trưởng 10- 15% mỗi năm,Kinh doanh
Bản Việt ưu đãi lãi suất tiết kiệm,Kinh doanh
Tuần 'rực lửa' của chứng khoán,Kinh doanh
Bầu Thụy hoàn tất thoái vốn tại Thaiholdings,Kinh doanh
Xu hướng đầu tư bất động sản tại trung tâm mới Nha Trang,Kinh doanh
Chủ tịch Hoàng Quân từ chối cổ đông 'thù địch' vào công ty,Kinh doanh
Chương trình định cư đầu tư khởi nghiệp tại Canada,Kinh doanh
Bitcoin mất mốc 20.000 USD,Kinh doanh
Tesla thay đổi mô hình sản xuất của ngành ôtô như thế nào,Kinh doanh
Ông Lê Hùng Dũng và những dấu ấn trên thương trường,Kinh doanh
Hành trình ‘làm đẹp những vùng đất’ của Sun Group,Kinh doanh
"Apollo Silicone chi 130 tỷ đồng hỗ trợ khách hàng, nhà phân phối",Kinh doanh
Kinh tế Nga có thể mất 10 năm mới quay về mức trước trừng phạt,Kinh doanh
EVN kiến nghị gỡ khó cho điện mặt trời mái nhà tự dùng,Kinh doanh
Dịch vụ thuê ngoài tính lương giúp giải quyết khúc mắc lương thưởng,Kinh doanh
Loạt 'kế sách' đổi mới của các ông lớn,Kinh doanh
Tuần giảm mạnh nhất của chứng khoán Mỹ từ khi Covid-19 xuất hiện,Kinh doanh
'Tiềm năng tăng trưởng thị trường quỹ mở Việt Nam còn lớn',Kinh doanh
Utop hợp tác Ponta nâng trải nghiệm người dùng Việt - Nhật,Kinh doanh
Nhiều tài xế muốn bỏ taxi công nghệ vì xăng liên tục tăng giá,Kinh doanh
Saigon Co.op có chủ tịch mới,Kinh doanh
Cách mua bảo hiểm trực tuyến,Kinh doanh
Nhiều điểm nghẽn trong xây dựng chuỗi cung ứng linh hoạt,Kinh doanh
Đề xuất giảm 1.000 đồng thuế bảo vệ môi trường với xăng,Kinh doanh
Lạm phát cả năm được dự báo dưới 4%,Kinh doanh
Căn hộ trên thị trường sơ cấp hút hàng nhưng thứ cấp lại ế ẩm,Kinh doanh
DTS hỗ trợ VCCA phát triển văn hóa ẩm thực Việt Nam,Kinh doanh
Giá vàng ở thế giằng co,Kinh doanh
Miss World Vietnam 2022 tổ chức chung kết toàn quốc tại Quy Nhơn,Kinh doanh
Napas giới thiệu tiện ích thanh toán tại 'Chuyến xe không tiền mặt',Kinh doanh
Sacombank tổ chức giải chạy bộ,Kinh doanh
Hoàng Quân mua đắt bán rẻ cùng một dự án nhà xã hội,Kinh doanh
Sóng Elliott là gì?,Kinh doanh
Sun Hospitality Group và IHG Hotels & Resorts hợp tác chiến lược,Kinh doanh
Thế khó của doanh nghiệp gạo,Kinh doanh
CEO MB: 'Chuyển đổi số cần kết hợp giữa cạnh tranh và hợp tác',Kinh doanh
Có nên gia nhập thị trường chứng khoán lúc này?,Kinh doanh
5 lợi ích khi triển khai insurtech,Kinh doanh
Doanh nghiệp Mỹ đầu tư dự án 60 triệu USD ở Đà Nẵng,Kinh doanh
"Đức thiếu bia, Nhật khan hiếm xúc xích",Kinh doanh
Nên khôi phục hợp đồng bảo hiểm mất hiệu lực hay mua mới?,Kinh doanh
Cơ sở dịch vụ ăn uống quản lý từ kinh nghiệm tự có,Kinh doanh
TopZone thúc đẩy tham vọng tỷ USD của Thế Giới Di Động,Kinh doanh
Chủ tịch Vietravel: Đổi mới toàn diện là con đường duy nhất sau dịch,Kinh doanh
Việt Nam giành lại toàn bộ lô hạt điều bị mất kiểm soát,Kinh doanh
Hơn 100 công ty châu Âu vẫn ở lại Nga,Kinh doanh
Hoàng Anh Gia Lai lãi hơn 430 tỷ đồng sau 5 tháng,Kinh doanh
Chứng khoán đỏ lửa,Kinh doanh
Nỗi lo suy thoái tăng vọt ở Mỹ,Kinh doanh
Hàng loạt nhà máy lọc dầu của Trung Quốc bỏ không,Kinh doanh
"Nợ phục vụ phát triển bền vững của Việt Nam đạt 1,5 tỷ USD",Kinh doanh
Hoà Phát muốn đầu tư tổ hợp dự án 120.000 tỷ đồng tại Phú Yên,Kinh doanh
Hai 'nút thắt' của thị trường bất động sản cuối năm 2022,Kinh doanh
Vay ngân hàng có phải mua bảo hiểm khoản vay?,Kinh doanh
Cách nhận diện Lacasoto 4SP chính hiệu Tân Thành,Kinh doanh
Masterise Homes bắt kịp làn sóng chuyển dịch sống xanh tại đô thị,Kinh doanh
Kỳ Co Gateway hưởng lợi từ hạ tầng và du lịch biển,Kinh doanh
Zippo đồng đỏ tái xuất,Kinh doanh
Giá xăng ngày mai có thể tăng tiếp,Kinh doanh
Cuộc 'chuyển mình' sau tái cơ cấu của thương hiệu 60 năm,Kinh doanh
Nửa năm toàn cầu chống chọi bão giá xăng dầu,Kinh doanh
Chọn kênh đầu tư nào để tích lũy cho lúc về hưu?,Kinh doanh
Vì sao tính thanh khoản của cổ phiếu quan trọng?,Kinh doanh
Khách thuê văn phòng tăng cao,Kinh doanh
Elon Musk dự đoán Mỹ suy thoái trong tương lai gần,Kinh doanh
Hạ tầng tạo lực đẩy cho bất động sản Hậu Giang,Kinh doanh
Dòng nước hoa 'best-seller' của Mercedes-Benz trở lại,Kinh doanh
FPT IS hiến kế cho bệnh viện trong chuyển đổi số,Kinh doanh
Lạm phát lương thực ở châu Á có thể còn tệ hơn,Kinh doanh
Từ 1/8 rút tiết kiệm trước hạn một phần vẫn được hưởng lãi cao,Kinh doanh
Quản lý BEST Express: 'Giờ là thời điểm vàng đầu tư nhượng quyền bưu cục',Kinh doanh
Đất Xanh Miền Trung tổ chức chuỗi sự kiện mùa hè,Kinh doanh
"Công ty Trung Quốc cho khách mua nhà bằng tỏi, lúa mỳ",Kinh doanh
Bluechip đỡ thị trường,Kinh doanh
Nhiều nền kinh tế châu Á vẫn nằm ngoài bão lạm phát,Kinh doanh
Eximbank miễn phí Online Banking trọn đời,Kinh doanh
Tiềm năng đầu tư khu đô thị ven sông ở Đà Nẵng,Kinh doanh
Ông Lê Viết Hải mua cổ phiếu Hòa Bình để 'bình ổn giá',Kinh doanh
Giá xăng tăng lên gần 33.000 đồng một lít,Kinh doanh
Chiến lược gắn kết với nông dân của doanh nghiệp Pháp tại Việt Nam,Kinh doanh
Giải pháp công nghệ giúp tăng hiệu quả quản trị sau Covid-19,Kinh doanh
Ngân hàng Nhà nước sẽ tăng tần suất bán ngoại tệ,Kinh doanh
6 ứng dụng blockchain có thể thay đổi chuỗi cung ứng,Kinh doanh
Ứng dụng ngân hàng số VIB nhận hai kỷ lục Việt Nam,Kinh doanh
Nhiều thương hiệu 'đổ bộ' chuỗi dự án của Sun Group tại Phú Quốc,Kinh doanh
Ruble Nga lên cao nhất 7 năm so với USD,Kinh doanh
NTK Quỳnh Paris đấu giá áo dài hỗ trợ người khuyết tật,Kinh doanh
​Urban Green mang đến trải nghiệm sống nghỉ dưỡng với 60 tiện ích,Kinh doanh
TPBank tích hợp mô hình cửa hàng tiện lợi tại LiveBank 24/7,Kinh doanh
Roto Frank - thương hiệu phụ kiện cửa Đức tại nhiều dự án hạng sang,Kinh doanh
Những bảo hiểm quan trọng đối với lao động tự do,Kinh doanh
Hoa hậu Đỗ Mỹ Linh chinh phục 'Dai-ichi Life - Cung đường yêu thương 2022',Kinh doanh
Các nhà bán lẻ chuyển mình sau đại dịch,Kinh doanh
Bé gái nghịch dại đút đầu vào dây đeo ba lô,Sức khỏe
Lô kem trị mụn không đạt chất lượng bị thu hồi,Sức khỏe
Các kỹ thuật ngăn xuất tinh sớm,Sức khỏe
'Núi đôi' thay đổi như thế nào theo độ tuổi,Sức khỏe
8 mẹo giảm mỡ bụng,Sức khỏe
Bộ Y tế thúc giục 13 tỉnh nhận vaccine Covid,Sức khỏe
Thức uống nóng hay lạnh tốt hơn cho người đau họng?,Sức khỏe
Diễn viên Alicia Witt điều trị ung thư vú trong thầm lặng,Sức khỏe
Nguyên nhân gây vô sinh ở nữ giới dưới 30 tuổi,Sức khỏe
Nguyên nhân gây viêm gân gan bàn chân,Sức khỏe
Mối nguy hiểm tiềm ẩn do đường gây ra cho trẻ sơ sinh,Sức khỏe
Bệnh viện Tâm Anh đạt chứng nhận quốc tế về thay khớp,Sức khỏe
Kem chống nắng phổ rộng Nhật Bản có mặt tại Việt Nam,Sức khỏe
Thở bằng miệng ảnh hưởng xấu đến sức khỏe,Sức khỏe
Sốc phản vệ do uống rượu mật ong,Sức khỏe
'Luôn sợ sai' khi mua trang thiết bị cho bệnh viện,Sức khỏe
Vì sao dạ dày liên tục 'kêu' đói?,Sức khỏe
Thiếu thuốc ở nhiều tỉnh thành do chậm đấu thầu mua sắm,Sức khỏe
Cứu sống cụ ông 98 tuổi bị nhồi máu cơ tim cấp,Sức khỏe
'Đậu mùa khỉ đã ngấm ngầm từ lâu',Sức khỏe
Hội chứng đổ nhiều mồ hôi tay,Sức khỏe
Nong thực quản điều trị co thắt tâm vị,Sức khỏe
10 yếu tố ảnh hưởng đến kết quả xét nghiệm đường huyết,Sức khỏe
Những nguyên nhân di truyền khiến trẻ biếng ăn,Sức khỏe
Ăn chay có thể ngăn ngừa đột quỵ không?,Sức khỏe
Vì sao phụ nữ dễ mắc bệnh tuyến giáp?,Sức khỏe
Phòng viêm phổi do vi khuẩn phế cầu trong mùa hè,Sức khỏe
Thí sinh FTUShine 'tỏa sáng' trong đêm chung kết,Sức khỏe
Người bị tố 'bán máu thiện nguyện' nói gì?,Sức khỏe
Thời điểm đi ngủ tốt cho tim,Sức khỏe
Hai vị thuốc dân gian chữa táo bón,Sức khỏe
9 món ăn nhẹ trước khi đi ngủ tránh tăng đường huyết,Sức khỏe
Những lý do gây giảm ham muốn tình dục,Sức khỏe
11 bệnh phụ khoa thường gặp ở phụ nữ,Sức khỏe
9 mẹo giúp trẻ rời điện thoại trong kỳ nghỉ hè,Sức khỏe
Ô nhiễm không khí trong nhà nguy hại ra sao?,Sức khỏe
Bé sốc phản vệ do bị hàng chục con ong đốt,Sức khỏe
Chạy máy hay chạy ngoài trời tốt hơn,Sức khỏe
Hội chứng khiến Justin Bieber liệt nửa mặt là gì?,Sức khỏe
Vì sao nam giới mắc ung thư bàng quang nhiều hơn nữ?,Sức khỏe
Dermedic tài trợ kem chống nắng cho 10.000 runner VM Quy Nhơn 2022,Sức khỏe
Những dấu hiệu cho thấy gan cần được giải độc,Sức khỏe
Bệnh suy giãn tĩnh mạch chân có nguy hiểm không?,Sức khỏe
Tái sinh gương mặt dị dạng cho người đàn ông,Sức khỏe
5 viên bi nam châm dính nhau trong ruột bé gái,Sức khỏe
"Cách xử lý hóc xương cá bằng thực phẩm, tránh tổn thương",Sức khỏe
5 thực phẩm giúp dịu cơn đau khớp,Sức khỏe
Sốt xuất huyết bùng phát ở miền Tây,Sức khỏe
Vì sao xét nghiệm máu hỗ trợ chẩn đoán trầm cảm?,Sức khỏe
FPT Long Châu cung cấp sản phẩm y tế cho runner,Sức khỏe
"Mẹ ốm nghén, làm sao để thai nhi không suy dinh dưỡng",Sức khỏe
"Đắp lá lên mụn nhọt, người bệnh tiểu đường viêm phổi nặng",Sức khỏe
Trắc nghiệm: Bạn hiểu gì về loài ong?,Sức khỏe
Dấu hiệu cảnh báo đột quỵ ở trẻ em,Sức khỏe
"Tại sao hiến máu miễn phí, người truyền máu phải trả tiền?",Sức khỏe
Sống lạc quan sẽ thọ hơn 90 tuổi,Sức khỏe
Dây headphone mắc kẹt trong bàng quang nam thanh niên,Sức khỏe
Thắc mắc về xuất tinh,Sức khỏe
Thời kỳ mãn kinh ảnh hưởng đến vùng kín thế nào,Sức khỏe
Cơ thể như thế nào khi uống cạn một chai rượu vang,Sức khỏe
Viêm gân đáng sợ như thế nào?,Sức khỏe
EUPC đồng hành cùng runner dự VM Quy Nhơn,Sức khỏe
Bé trai viêm tụy cấp do ăn nhiều dầu mỡ,Sức khỏe
Những cách kiểm soát huyết áp không cần thuốc,Sức khỏe
Thuốc đầu tiên chữa khỏi ung thư hoạt động thế nào,Sức khỏe
Chạy bộ bao nhiêu lần một tuần là đủ?,Sức khỏe
Nhân tố gây ô nhiễm không khí trong nhà,Sức khỏe
Người bệnh tiểu đường có nên ăn khoai tây?,Sức khỏe
Những dấu hiệu cảnh báo lạm dụng thuốc xịt mũi,Sức khỏe
"Ca Covid giảm mạnh, thông điệp '5k' có thể thành 'V2k'",Sức khỏe
Lợi ích của thể thao đồng đội với sự phát triển của trẻ,Sức khỏe
Các cơn đau cảnh báo ung thư gan,Sức khỏe
Những nguyên nhân thường gặp gây xuất huyết tiêu hóa,Sức khỏe
TP HCM xử trí thế nào nếu có ca nghi mắc đậu mùa khỉ,Sức khỏe
Giả thông tin bệnh nhi khó khăn để kêu gọi giúp đỡ,Sức khỏe
Trầm cảm ở người cao tuổi,Sức khỏe
'Con dao hai lưỡi' khi chữa mụn bằng kem đánh răng,Sức khỏe
​Người có hệ miễn dịch suy yếu dễ bị viêm phổi Covid-19,Sức khỏe
Tác dụng của xông hơi vùng kín,Sức khỏe
Phì đại tuyến tiền liệt ảnh hưởng đến sinh lý nam giới ra sao?,Sức khỏe
"Thiếu hóa chất diệt muỗi, dịch truyền điều trị sốt xuất huyết",Sức khỏe
Các thực phẩm chứa probiotics có lợi cho sức khỏe,Sức khỏe
Giảm cân giúp tăng số lượng tinh trùng,Sức khỏe
Cẩn trọng tai nạn đuối nước với trẻ dịp hè,Sức khỏe
Cách làm giảm nhịp tim nhanh khi nghỉ ngơi,Sức khỏe
Xử trí khi lên cơn hen suyễn,Sức khỏe
Runner nhận ưu đãi đến 100.000 đồng từ La Roche Posay,Sức khỏe
Hội chứng bàn chân vịt người chạy bộ cần cẩn trọng,Sức khỏe
Hơn 2/3 dân số thế giới có kháng thể Covid-19,Sức khỏe
Sinh con sau mổ ung thư cổ tử cung,Sức khỏe
Bé gái ngực phì đại do rối loạn hormone,Sức khỏe
Tử vong sau khi ăn sâu ban miêu,Sức khỏe
Đau nửa đầu có cảnh báo đột quỵ?,Sức khỏe
Dấu hiệu ung thư tuyến nước bọt,Sức khỏe
"Giải khát và làm đẹp ngày hè với quả dừa, me chua",Sức khỏe
"Cách chọn thực phẩm chứa tinh bột, giàu chất xơ tránh tăng đường huyết",Sức khỏe
Truyền hóa chất động mạch gan điều trị ung thư gan tiến triển,Sức khỏe
Ghép bề mặt sụn khớp gối bằng chất liệu nhân tạo,Sức khỏe
"Nghe kém, mất thính lực do bệnh xốp xơ tai",Sức khỏe
"Happy Skin đẩy mạnh phát triển, chăm sóc da bằng công nghệ hiện đại",Sức khỏe
Bác sĩ hướng dẫn vệ sinh mũi cho trẻ đúng cách,Sức khỏe
Đau bụng do stress,Sức khỏe
Ăn ớt có gây hại cho dạ dày?,Sức khỏe
5 cách loại bỏ mùi hôi chân,Sức khỏe
Hội chứng dương vật nhỏ,Sức khỏe
Đặt vòng tránh thai bao lâu thì có thể quan hệ?,Sức khỏe
Khám cơ quan sinh dục nam trong điều trị vô sinh,Sức khỏe
Triệu chứng Covid-19 kéo dài phổ biến ở người cao tuổi,Sức khỏe
Nguyên nhân khiến phụ nữ đổ mồ hôi vào ban đêm,Sức khỏe
Điều gì xảy ra khi nuốt kẹo cao su,Sức khỏe
Nguyên nhân thức dậy với trái tim loạn nhịp,Sức khỏe
Nguyên nhân và cách khắc phục viêm mũi do tập thể dục,Sức khỏe
Vì sao hạn chế ăn bưởi khi điều trị bệnh tuyến giáp?,Sức khỏe
Cô gái bị dị tật cơ quan sinh dục,Sức khỏe
Thai làm tổ lạc trong gan,Sức khỏe
10 thói quen gây sỏi thận cần tránh,Sức khỏe
Thay khớp háng bằng 'đường mổ bikini',Sức khỏe
4 tiêu chuẩn chẩn đoán nhồi máu cơ tim,Sức khỏe
Bộ Y tế tìm nguyên nhân thiếu thuốc,Sức khỏe
Nên chườm lạnh ở những vị trí đau nào?,Sức khỏe
Lavian đồng hành cùng phái đẹp điều trị viêm da,Sức khỏe
12 thực phẩm giàu omega-3,Sức khỏe
Những thực phẩm giàu chất xơ tốt cho hệ tiêu hóa,Sức khỏe
Trực thăng bay thấp đưa ngư dân đột quỵ về đất liền,Sức khỏe
Chế độ ăn nào giúp phòng tránh ung thư cổ tử cung?,Sức khỏe
Bé suy gan cấp do uống thực phẩm chức năng tăng chiều cao,Sức khỏe
TP HCM khởi động chiến dịch tiêm nhắc lại vaccine Covid,Sức khỏe
"Tổn thương gan, giảm tiểu cầu vì nhầm sốt xuất huyết là viêm amidan",Sức khỏe
Sự ra đời kỳ lạ của Viagra,Sức khỏe
Cách giảm 80% nguy cơ đột quỵ,Sức khỏe
"Thường xuyên uống nước ngọt, bia rượu, người bệnh tiểu đường nguy kịch",Sức khỏe
"Vượt cửa tử Covid, sản phụ lấy tên 3 bác sĩ đặt cho con",Sức khỏe
6 bệnh mùa nóng trẻ dễ mắc,Sức khỏe
Nguy cơ tử vong cao với F0 có huyết khối,Sức khỏe
Xuất tinh ngược dòng gây vô sinh ở nam giới,Sức khỏe
8 cách tăng testosterone tự nhiên cho nam giới,Sức khỏe
Bác sĩ thẩm mỹ chia sẻ lưu ý để nâng mũi đẹp,Sức khỏe
Những lưu ý để chạy bộ an toàn với bệnh hen suyễn,Sức khỏe
Những sai lầm thường gặp khi súc họng,Sức khỏe
Bị tiểu đường thai kỳ nên ăn gì?,Sức khỏe
Thực phẩm cho bữa ăn tối tránh tăng đường huyết,Sức khỏe
Có nên uống nước mía khi bị tiểu đường?,Sức khỏe
Làm gì nếu bạn thức giấc giữa đêm?,Sức khỏe
Những thói quen ăn uống nên tránh để cơ thể khỏe mạnh,Sức khỏe
Bệnh nền trở nặng sau khi mắc Covid-19,Sức khỏe
Cô gái bị răng giả rơi vào phế quản,Sức khỏe
Cách phòng đậu mùa khỉ ở trẻ,Sức khỏe
Gai xương có nguy hiểm không?,Sức khỏe
Thiếu máu não thoáng qua cảnh báo đột quỵ,Sức khỏe
Sỏi mật và sỏi thận khác nhau thế nào?,Sức khỏe
Lợi ích của quả bơ với sức khỏe tim,Sức khỏe
Những thực phẩm giàu chất xơ hòa tan tốt cho tiêu hóa,Sức khỏe
Sốc phản vệ do đàn ong vàng đốt,Sức khỏe
Làm thế nào giảm tác dụng phụ của hóa trị ung thư?,Sức khỏe
Phòng ngừa rối loạn tiêu hóa ở trẻ vào dịp hè,Sức khỏe
"Tối ưu dinh dưỡng, tiềm năng thế nào sau khi xét nghiệm gene?",Sức khỏe
Cựu cascadeur Lữ Đắc Long: 'Sống để trả ơn',Sức khỏe
8 chấn thương thường gặp khi chạy bộ,Sức khỏe
Hết nghiện thuốc lá sau cơn đột quỵ,Sức khỏe
​Người bị dị ứng thực phẩm nguy cơ Covid-19 thấp hơn,Sức khỏe
Nam giới nên ăn bao nhiêu hàu để sung mãn?,Sức khỏe
Chuẩn bị cho kỳ kinh nguyệt đầu tiên khi bé gái dậy thì,Sức khỏe
HPV ảnh hưởng khả năng sinh sản ra sao?,Sức khỏe
Gia tăng ung thư tuyến giáp ở phụ nữ trẻ,Sức khỏe
8 bài tập đơn giản giúp ngon giấc,Sức khỏe
Dấu hiệu nhiễm trùng thận cần đến bệnh viện,Sức khỏe
"Trẻ béo phì dễ bị tăng huyết áp, mỡ máu cao",Sức khỏe
'TP HCM không thiếu thuốc',Sức khỏe
Cách cắt giảm lượng chất béo tích tụ ở gan,Sức khỏe
Có nên kiêng uống sữa khi bị ho?,Sức khỏe
7 cách tránh các vấn đề tiêu hóa vào mùa hè,Sức khỏe
Những thảo mộc giúp giảm đau nhức xương khớp,Sức khỏe
Khối u 11 kg trong dạ dày,Sức khỏe
Ô nhiễm không khí có thể giảm hai năm tuổi thọ,Sức khỏe
Bí quyết '5 nên 3 tránh' phòng ngừa đột quỵ của người Nhật,Sức khỏe
Không thể giơ tay lên cao là chấn thương gì?,Sức khỏe
Con đỉa sống trong khí quản bé trai,Sức khỏe
7 cách bảo vệ sức khỏe trẻ khi vận động dưới ánh nắng,Sức khỏe
Cảnh báo cao điểm bệnh viêm não Nhật Bản và viêm màng não,Sức khỏe
Vì sao giảm mỡ bụng không thành công?,Sức khỏe
Khi nào đau đầu Migraine có thể dẫn đến đột quỵ?,Sức khỏe
Đồng nhiễm sốt xuất huyết và bão cytokine hậu Covid,Sức khỏe
Cách sơ cứu trẻ bị hóc dị vật đường thở,Sức khỏe
"Đẻ tại nhà, bé bị uốn ván nguy kịch",Sức khỏe
Ăn nấm có thể giảm nguy cơ mắc ung thư,Sức khỏe
Bài tập thở hỗ trợ cải thiện triệu chứng viêm xoang,Sức khỏe
Những sai lầm khi đo đường huyết tại nhà,Sức khỏe
Không để người bệnh BHYT phải tự mua thuốc và vật tư,Sức khỏe
Cách giúp nam giới tăng số lượng tinh trùng,Sức khỏe
Giấm táo có thể chữa đau đầu?,Sức khỏe
Nguyên nhân gây xước âm đạo,Sức khỏe
Dùng kháng sinh tăng nguy cơ viêm ruột ở người lớn tuổi,Sức khỏe
Phân biệt ngủ ngáy và ngưng thở khi ngủ,Sức khỏe
Hạ đường huyết do tập thể dục,Sức khỏe
"5 nguyên nhân thiếu thuốc, vật tư y tế",Sức khỏe
Viện Pasteur TP HCM hết vaccine,Sức khỏe
Tiểu buốt cảnh báo những bệnh gì,Sức khỏe
Chuỗi sự kiện làm đẹp thu hút 1.000 khách hàng,Sức khỏe
Mọc mụn do gan 'xấu',Sức khỏe
Mẹo phòng tránh chấn thương khi chạy bộ,Sức khỏe
Số ca tử vong vì Covid-19 tăng trên toàn cầu,Sức khỏe
Cây kim đâm thủng khí quản bé trai,Sức khỏe
Viêm phổi không kèm sốt là bệnh nhẹ?,Sức khỏe
Khi nào cần phẫu thuật lấy sỏi thận?,Sức khỏe
"Nhậu nhiều gây suy giảm trí nhớ, loạn thần",Sức khỏe
"Những thực phẩm có hàm lượng cholesterol cao nên ăn, nên tránh",Sức khỏe
WHO nghiên cứu khả năng đậu mùa khỉ lây qua đường tình dục,Sức khỏe
"Biến chứng vỡ tử cung, nhau cài răng lược ở sản phụ có sẹo mổ cũ",Sức khỏe
WHO kêu gọi thế giới đầu tư vào sức khỏe tâm thần,Sức khỏe
Cần làm gì khi trẻ bị ngộ độc hóa chất?,Sức khỏe
Dấu hiệu cảnh báo ung thư vú nên điều trị sớm,Sức khỏe
Khoảng 50% trí thông minh do gene di truyền,Sức khỏe
Điều gì xảy ra với cơ thể nếu ăn trứng mỗi ngày?,Sức khỏe
Võ sĩ Judo Phương Nga mổ khớp gối sau chấn thương tại SEA Games,Sức khỏe
"Covid-19 đã ổn, vì sao cần tiêm vaccine mũi 4?",Sức khỏe
Hy vọng từ vaccine ngăn ngừa và trị ung thư,Sức khỏe
Tái tạo ngực cho cô gái ung thư,Sức khỏe
Các bài tập cải thiện chứng rối loạn cương dương,Sức khỏe
Phát hiện ung thư ống dẫn trứng khi ra máu bất thường sau mãn kinh,Sức khỏe
5 thực phẩm trẻ nên ăn mỗi ngày để tăng chiều cao,Sức khỏe
Ngủ 7 giờ mỗi đêm tốt nhất cho não bộ,Sức khỏe
5 thói quen ăn uống tốt cho đàn ông trung niên,Sức khỏe
Bệnh viện 300 giường ở miền Tây hoạt động,Sức khỏe
Những lý do khiến đầu gối bị đau khi chạy bộ,Sức khỏe
Sử dụng thuốc xịt mũi đúng cách,Sức khỏe
Kháng kháng sinh ở trẻ,Sức khỏe
Thực phẩm tốt cho người huyết áp thấp,Sức khỏe
Tránh nhầm lẫn giữa hắt xì do cảm lạnh và viêm mũi dị ứng,Sức khỏe
Nên ăn bao nhiêu muối mỗi ngày?,Sức khỏe
4 thực phẩm giúp giảm chất béo xấu,Sức khỏe
Vì sao ung thư tái phát?,Sức khỏe
Lý do nhiều người trẻ mắc suy giãn tĩnh mạch chân,Sức khỏe
Cách chọn trái cây trong bữa phụ tránh tăng đường huyết,Sức khỏe
Vì sao cứng khớp khi thức dậy buổi sáng?,Sức khỏe
5 triệu chứng Covid-19 kéo dài ảnh hưởng lâu ở cơ thể,Sức khỏe
Những dấu hiệu cảnh báo bệnh lý dạ dày,Sức khỏe
Cách giúp trẻ tăng cân trong kỳ nghỉ hè,Sức khỏe
Uống rượu ảnh hưởng thế nào đến đường huyết?,Sức khỏe
Ngăn chặn đậu mùa khỉ từ bài học 'dập' dịch HIV,Sức khỏe
Kỹ thuật Start - Stop cải thiện tình trạng xuất tinh sớm,Sức khỏe
VNVC: Không thiếu vaccine cho trẻ em và người lớn,Sức khỏe
5 yếu tố làm mất cân bằng độ pH trong âm đạo,Sức khỏe
Mỹ tiêm vaccine Covid-19 cho trẻ từ 6 tháng tuổi,Sức khỏe
Giun đũa 20 cm chui vào ống mật bé gái,Sức khỏe
Các biện pháp khắc phục nhiễm trùng thận tại nhà,Sức khỏe
"Thực phẩm nên ăn, nên tránh khi viêm họng",Sức khỏe
Hoạt động thú vị cho trẻ bị rối loạn tăng động giảm chú ý,Sức khỏe
11 cách tự nhiên chữa ho tại nhà,Sức khỏe
7 thói quen xấu khiến đau cổ vai gáy tái phát,Sức khỏe
10 lời khuyên để tăng tốc độ phục hồi sau chạy,Sức khỏe
Ăn gì sau khi tập luyện để phát triển cơ tốt?,Sức khỏe
Những loại đồ uống giúp giảm cholesterol,Sức khỏe
Phẫu thuật giảm cân hạn chế nguy cơ mắc ung thư,Sức khỏe
"Phát hiện ung thư máu từ triệu chứng đau họng, khó nuốt",Sức khỏe
Dấu hiệu cảnh báo đột quỵ xuất huyết não,Sức khỏe
Uống nước dừa có tốt cho tiêu hóa?,Sức khỏe
"Thiếu, thừa hormone tuyến giáp có thể mắc bệnh gì?",Sức khỏe
"4 bài tập giúp người ung thư phổi dễ thở, giảm mệt mỏi",Sức khỏe
Một tuần không ghi nhận ca tử vong do Covid-19,Sức khỏe
Mắc bệnh lậu sau tình một đêm,Sức khỏe
Khắc phục đau cơ do Covid-19,Sức khỏe
Bệnh viện TP HCM 'không sợ sai' trong đấu thầu,Sức khỏe
Kết hôn có thể kéo dài tuổi thọ,Sức khỏe
TP HCM có ban chỉ đạo phòng chống dịch sốt xuất huyết,Sức khỏe
Ngưng thở khi ngủ gây rối loạn cương dương,Sức khỏe
Vì sao người bệnh tiểu đường thường xuyên mất ngủ?,Sức khỏe
Cách khắc phục tình trạng mất răng ở người cao tuổi,Sức khỏe
Nguy cơ mắc ung thư vú ở phụ nữ chuyển giới,Sức khỏe
Cách phòng ngừa biến chứng thận do đái tháo đường,Sức khỏe
Xuất huyết não sau đi bơi,Sức khỏe
"Đến viện muộn, bé 10 tháng tuổi phải cắt bỏ tinh hoàn",Sức khỏe
Sốc phản vệ sau uống kháng sinh,Sức khỏe
Cách giảm gánh nặng và chữa lành tổn thương cho gan,Sức khỏe
Cách chăm sóc bàn chân người bệnh tiểu đường tránh biến chứng,Sức khỏe
Vệ sinh vùng kín sai cách gây vô sinh ở nữ giới,Sức khỏe
Vì sao nên thở hoàn toàn bằng mũi?,Sức khỏe
Đặt vòng tránh thai làm giảm cảm giác khi quan hệ tình dục?,Sức khỏe
Tập thể dục giúp tăng cường sức khỏe não bộ thế nào?,Sức khỏe
Hội chứng 'siêu nam' ở bé trai,Sức khỏe
Điều gì xảy ra khi cholesterol cao?,Sức khỏe
Lý do nên bổ sung omega-3,Sức khỏe
Rối loạn cương do stress kéo dài,Sức khỏe
Dùng kem dưỡng ẩm mùa hè đúng cách,Sức khỏe
Những vấn đề tình dục ở nam giới lớn tuổi,Sức khỏe
Thực phẩm cải thiện các triệu chứng Covid-19 kéo dài,Sức khỏe
Suýt chết do uống cồn công nghiệp,Sức khỏe
Ứ dịch vòi trứng làm giảm cơ hội mang thai,Sức khỏe
Trẻ nên ăn gì để tránh táo bón ngày hè?,Sức khỏe
Nguy cơ biến chứng bàn chân đái tháo đường,Sức khỏe
Những thực phẩm có thể gây giảm testosterone ở nam giới,Sức khỏe
Lý do gây chuột rút khi tập luyện dưới trời nắng nóng,Sức khỏe
Ăn đu đủ tốt cho hệ tiêu hóa thế nào?,Sức khỏe
Các chất dinh dưỡng quan trọng cho não bộ của trẻ 0-24 tháng,Sức khỏe
Tiêu xương sau bó lá thuốc chữa đau tay,Sức khỏe
Những dấu hiệu cảnh báo biến chứng trong thai kỳ,Sức khỏe
Phát hiện ung thư trực tràng từ dấu hiệu đau thắt bụng,Sức khỏe
Viên đạn găm thấu thận thiếu niên,Sức khỏe
Lợi ích sức khỏe khi kết hợp mật ong với tiêu đen,Sức khỏe
Chọn máy cơ hay điện tử để đo huyết áp tại nhà?,Sức khỏe
Hội chứng ngưng thở khi ngủ có thể dẫn đến đột tử,Sức khỏe
9 thực phẩm giàu chất béo có lợi cho sức khỏe,Sức khỏe
Ăn nhiều cá có làm tăng nguy cơ ung thư da?,Sức khỏe
Cách tăng kích cỡ dương vật an toàn,Sức khỏe
Cẩn trọng viêm tụy cấp,Sức khỏe
Xuất huyết võng mạc do đường huyết tăng vọt,Sức khỏe
Hôn mê do lạm dụng thuốc trị mất ngủ,Sức khỏe
Nấc cụt thường xuyên có phải mắc bệnh?,Sức khỏe
Người bệnh tiểu đường có nên ăn dưa muối?,Sức khỏe
